Date,Log_Return,Volume,RSI,MACD,MACD_Signal,ATR,Label
2020-02-18,-0.1385376631972199,0.0,0.0,-0.7508373509368231,-0.758018058471019,-0.6778935146783868,0
2020-02-19,-0.1385376631972199,0.0,0.0,-0.7508373509368231,-0.758018058471019,-0.6778935146783868,0
2020-02-20,-0.1385376631972199,0.0,0.0,-0.7508373509368231,-0.758018058471019,-0.6778935146783868,0
2020-02-21,-0.1385376631972199,0.0,0.0,-0.7508373509368231,-0.758018058471019,-0.6778935146783868,0
2020-02-26,-0.1385376631972199,0.0,0.0,-0.7508373509368231,-0.758018058471019,-0.6778935146783868,0
2020-02-27,-0.1385376631972199,0.0,0.0,-0.7508373509368231,-0.758018058471019,-0.6778935146783868,0
2020-02-28,-0.1385376631972199,0.0,0.0,-0.7508373509368231,-0.758018058471019,-0.6778935146783868,0
2020-03-02,-0.1385376631972199,0.0,0.0,-0.7508373509368231,-0.758018058471019,-0.6778935146783868,0
2020-03-03,-0.1385376631972199,0.0,0.0,-0.7508373509368231,-0.758018058471019,-0.6778935146783868,0
2020-03-04,-0.1385376631972199,0.0,0.0,-0.7508373509368231,-0.758018058471019,-0.6778935146783868,0
2020-03-05,-0.1385376631972199,0.0,0.0,-0.7508373509368231,-0.758018058471019,-0.6778935146783868,0
2020-03-06,-0.1385376631972199,0.0,0.0,-0.7508373509368231,-0.758018058471019,-0.6778935146783868,0
2020-03-09,-0.1385376631972199,0.0,0.0,-0.7508373509368231,-0.758018058471019,-0.6778935146783868,0
2020-03-10,-0.1385376631972199,0.0,0.0,-0.7508373509368231,-0.758018058471019,-0.6778935146783868,0
2020-03-11,-0.1385376631972199,0.0,0.0,-0.7508373509368231,-0.758018058471019,-0.6778935146783868,0
2020-03-12,-0.1385376631972199,0.0,0.0,-0.7508373509368231,-0.758018058471019,-0.6778935146783868,0
2020-03-13,-0.1385376631972199,0.0,0.0,-0.7508373509368231,-0.758018058471019,-0.6778935146783868,0
2020-03-16,-0.1385376631972199,0.0,0.0,-0.7508373509368231,-0.758018058471019,-0.6778935146783868,0
2020-03-17,-0.1385376631972199,0.0,0.0,-0.7508373509368231,-0.758018058471019,-0.6778935146783868,0
2020-03-18,-0.1385376631972199,0.0,0.0,-0.7508373509368231,-0.758018058471019,-0.6778935146783868,0
2020-03-19,-0.1385376631972199,0.0,0.0,-0.7508373509368231,-0.758018058471019,-0.6778935146783868,0
2020-03-20,-0.1385376631972199,0.0,0.0,-0.7508373509368231,-0.758018058471019,-0.6778935146783868,0
2020-03-23,-0.1385376631972199,0.0,0.0,-0.7508373509368231,-0.758018058471019,-0.6778935146783868,0
2020-03-24,-0.1385376631972199,0.0,0.0,-0.7508373509368231,-0.758018058471019,-0.6778935146783868,0
2020-03-25,-0.1385376631972199,0.0,0.0,-0.7508373509368231,-0.758018058471019,-0.6778935146783868,0
2020-03-26,-0.1385376631972199,0.0,0.0,-0.7508373509368231,-0.758018058471019,-0.6778935146783868,0
2020-03-27,-0.1385376631972199,0.0,0.0,-0.7508373509368231,-0.758018058471019,-0.6778935146783868,0
2020-03-30,-0.1385376631972199,0.0,0.0,-0.7508373509368231,-0.758018058471019,-0.6778935146783868,0
2020-03-31,-0.1385376631972199,0.0,0.0,-0.7508373509368231,-0.758018058471019,-0.6778935146783868,0
2020-04-01,-0.1385376631972199,0.0,0.0,-0.7508373509368231,-0.758018058471019,-0.6778935146783868,0
2020-04-02,-0.1385376631972199,0.0,0.0,-0.7508373509368231,-0.758018058471019,-0.6778935146783868,0
2020-04-03,-0.1385376631972199,0.0,0.0,-0.7508373509368231,-0.758018058471019,-0.6778935146783868,0
2020-04-06,-0.1385376631972199,0.0,0.0,-0.7508373509368231,-0.758018058471019,-0.6778935146783868,0
2020-04-07,-0.1385376631972199,0.0,0.0,-0.7508373509368231,-0.758018058471019,-0.6778935146783868,0
2020-04-08,-0.1385376631972199,0.0,0.0,-0.7508373509368231,-0.758018058471019,-0.6778935146783868,0
2020-04-09,-0.1385376631972199,0.0,0.0,-0.7508373509368231,-0.758018058471019,-0.6778935146783868,0
2020-04-13,-0.1385376631972199,0.0,0.0,-0.7508373509368231,-0.758018058471019,-0.6778935146783868,0
2020-04-14,-0.1385376631972199,0.0,0.0,-0.7508373509368231,-0.758018058471019,-0.6778935146783868,0
2020-04-15,-0.1385376631972199,0.0,0.0,-0.7508373509368231,-0.758018058471019,-0.6778935146783868,0
2020-04-16,-0.1385376631972199,0.0,0.0,-0.7508373509368231,-0.758018058471019,-0.6778935146783868,0
2020-04-17,-0.1385376631972199,0.0,0.0,-0.7508373509368231,-0.758018058471019,-0.6778935146783868,0
2020-04-20,-0.1385376631972199,0.0,0.0,-0.7508373509368231,-0.758018058471019,-0.6778935146783868,0
2020-04-22,-0.1385376631972199,0.0,0.0,-0.7508373509368231,-0.758018058471019,-0.6778935146783868,0
2020-04-23,-0.1385376631972199,0.0,0.0,-0.7508373509368231,-0.758018058471019,-0.6778935146783868,0
2020-04-24,-0.1385376631972199,0.0,0.0,-0.7508373509368231,-0.758018058471019,-0.6778935146783868,0
2020-04-27,-0.1385376631972199,0.0,0.0,-0.7508373509368231,-0.758018058471019,-0.6778935146783868,0
2020-04-28,-0.1385376631972199,0.0,0.0,-0.7508373509368231,-0.758018058471019,-0.6778935146783868,0
2020-04-29,-0.1385376631972199,0.0,0.0,-0.7508373509368231,-0.758018058471019,-0.6778935146783868,0
2020-04-30,-0.1385376631972199,0.0,0.0,-0.7508373509368231,-0.758018058471019,-0.6778935146783868,0
2020-05-04,-0.1385376631972199,0.0,0.0,-0.7508373509368231,-0.758018058471019,-0.6778935146783868,0
2020-05-05,-0.1385376631972199,0.0,0.0,-0.7508373509368231,-0.758018058471019,-0.6778935146783868,0
2020-05-06,-0.1385376631972199,0.0,0.0,-0.7508373509368231,-0.758018058471019,-0.6778935146783868,0
2020-05-07,-0.1385376631972199,0.0,0.0,-0.7508373509368231,-0.758018058471019,-0.6778935146783868,0
2020-05-08,-0.1385376631972199,0.0,0.0,-0.7508373509368231,-0.758018058471019,-0.6778935146783868,0
2020-05-11,-0.1385376631972199,0.0,0.0,-0.7508373509368231,-0.758018058471019,-0.6778935146783868,0
2020-05-12,-0.1385376631972199,0.0,0.0,-0.7508373509368231,-0.758018058471019,-0.6778935146783868,0
2020-05-13,-0.1385376631972199,0.0,0.0,-0.7508373509368231,-0.758018058471019,-0.6778935146783868,0
2020-05-14,-0.1385376631972199,0.0,0.0,-0.7508373509368231,-0.758018058471019,-0.6778935146783868,0
2020-05-15,-0.1385376631972199,0.0,0.0,-0.7508373509368231,-0.758018058471019,-0.6778935146783868,0
2020-05-18,-0.1385376631972199,0.0,0.0,-0.7508373509368231,-0.758018058471019,-0.6778935146783868,0
2020-05-19,-0.1385376631972199,0.0,0.0,-0.7508373509368231,-0.758018058471019,-0.6778935146783868,0
2020-05-20,-0.1385376631972199,0.0,0.0,-0.7508373509368231,-0.758018058471019,-0.6778935146783868,0
2020-05-21,-0.1385376631972199,0.0,0.0,-0.7508373509368231,-0.758018058471019,-0.6778935146783868,0
2020-05-22,-0.1385376631972199,0.0,0.0,-0.7508373509368231,-0.758018058471019,-0.6778935146783868,0
2020-05-25,-0.1385376631972199,0.0,0.0,-0.7508373509368231,-0.758018058471019,-0.6778935146783868,0
2020-05-26,-0.1385376631972199,0.0,0.0,-0.7508373509368231,-0.758018058471019,-0.6778935146783868,0
2020-05-27,-0.1385376631972199,0.0,0.0,-0.7508373509368231,-0.758018058471019,-0.6778935146783868,0
2020-05-28,-0.1385376631972199,0.0,0.0,-0.7508373509368231,-0.758018058471019,-0.6778935146783868,0
2020-05-29,-0.1385376631972199,0.0,0.0,-0.7508373509368231,-0.758018058471019,-0.6778935146783868,0
2020-06-01,-0.1385376631972199,0.0,0.0,-0.7508373509368231,-0.758018058471019,-0.6778935146783868,0
2020-06-02,-0.1385376631972199,0.0,0.0,-0.7508373509368231,-0.758018058471019,-0.6778935146783868,0
2020-06-03,-0.1385376631972199,0.0,0.0,-0.7508373509368231,-0.758018058471019,-0.6778935146783868,0
2020-06-04,-0.1385376631972199,0.0,0.0,-0.7508373509368231,-0.758018058471019,-0.6778935146783868,0
2020-06-05,-0.1385376631972199,0.0,0.0,-0.7508373509368231,-0.758018058471019,-0.6778935146783868,0
2020-06-08,-0.1385376631972199,0.0,0.0,-0.7508373509368231,-0.758018058471019,-0.6778935146783868,0
2020-06-09,-0.1385376631972199,0.0,0.0,-0.7508373509368231,-0.758018058471019,-0.6778935146783868,0
2020-06-10,-0.1385376631972199,0.0,0.0,-0.7508373509368231,-0.758018058471019,-0.6778935146783868,0
2020-06-12,-0.1385376631972199,0.0,0.0,-0.7508373509368231,-0.758018058471019,-0.6778935146783868,0
2020-06-15,-0.1385376631972199,0.0,0.0,-0.7508373509368231,-0.758018058471019,-0.6778935146783868,0
2020-06-16,-0.1385376631972199,0.0,0.0,-0.7508373509368231,-0.758018058471019,-0.6778935146783868,0
2020-06-17,-0.1385376631972199,0.0,0.0,-0.7508373509368231,-0.758018058471019,-0.6778935146783868,0
2020-06-18,-0.1385376631972199,0.0,0.0,-0.7508373509368231,-0.758018058471019,-0.6778935146783868,0
2020-06-19,-0.1385376631972199,0.0,0.0,-0.7508373509368231,-0.758018058471019,-0.6778935146783868,0
2020-06-22,-0.1385376631972199,0.0,0.0,-0.7508373509368231,-0.758018058471019,-0.6778935146783868,0
2020-06-23,-0.1385376631972199,0.0,0.0,-0.7508373509368231,-0.758018058471019,-0.6778935146783868,0
2020-06-24,-0.1385376631972199,0.0,0.0,-0.7508373509368231,-0.758018058471019,-0.6778935146783868,0
2020-06-25,-0.1385376631972199,0.0,0.0,-0.7508373509368231,-0.758018058471019,-0.6778935146783868,0
2020-06-26,-0.1385376631972199,0.0,0.0,-0.7508373509368231,-0.758018058471019,-0.6778935146783868,0
2020-06-29,-0.1385376631972199,0.0,0.0,-0.7508373509368231,-0.758018058471019,-0.6778935146783868,0
2020-06-30,-0.1385376631972199,0.0,0.0,-0.7508373509368231,-0.758018058471019,-0.6778935146783868,0
2020-07-01,-0.1385376631972199,0.0,0.0,-0.7508373509368231,-0.758018058471019,-0.6778935146783868,0
2020-07-02,-0.1385376631972199,0.0,0.0,-0.7508373509368231,-0.758018058471019,-0.6778935146783868,0
2020-07-03,-0.1385376631972199,0.0,0.0,-0.7508373509368231,-0.758018058471019,-0.6778935146783868,0
2020-07-06,-0.1385376631972199,0.0,0.0,-0.7508373509368231,-0.758018058471019,-0.6778935146783868,0
2020-07-07,-0.1385376631972199,0.0,0.0,-0.7508373509368231,-0.758018058471019,-0.6778935146783868,0
2020-07-08,-0.1385376631972199,0.0,0.0,-0.7508373509368231,-0.758018058471019,-0.6778935146783868,0
2020-07-09,-0.1385376631972199,0.0,0.0,-0.7508373509368231,-0.758018058471019,-0.6778935146783868,0
2020-07-10,-0.1385376631972199,0.0,0.0,-0.7508373509368231,-0.758018058471019,-0.6778935146783868,0
2020-07-13,-0.1385376631972199,0.0,0.0,-0.7508373509368231,-0.758018058471019,-0.6778935146783868,0
2020-07-14,-0.1385376631972199,0.0,0.0,-0.7508373509368231,-0.758018058471019,-0.6778935146783868,0
2020-07-15,-0.1385376631972199,0.0,0.0,-0.7508373509368231,-0.758018058471019,-0.6778935146783868,0
2020-07-16,-0.1385376631972199,0.0,0.0,-0.7508373509368231,-0.758018058471019,-0.6778935146783868,0
2020-07-17,-0.1385376631972199,0.0,0.0,-0.7508373509368231,-0.758018058471019,-0.6778935146783868,0
2020-07-20,-0.1385376631972199,0.0,0.0,-0.7508373509368231,-0.758018058471019,-0.6778935146783868,0
2020-07-21,-0.1385376631972199,0.0,0.0,-0.7508373509368231,-0.758018058471019,-0.6778935146783868,0
2020-07-22,-0.1385376631972199,0.0,0.0,-0.7508373509368231,-0.758018058471019,-0.6778935146783868,0
2020-07-23,-0.1385376631972199,0.0,0.0,-0.7508373509368231,-0.758018058471019,-0.6778935146783868,0
2020-07-24,-0.1385376631972199,0.0,0.0,-0.7508373509368231,-0.758018058471019,-0.6778935146783868,0
2020-07-27,-0.1385376631972199,0.0,0.0,-0.7508373509368231,-0.758018058471019,-0.6778935146783868,0
2020-07-28,-0.1385376631972199,0.0,0.0,-0.7508373509368231,-0.758018058471019,-0.6778935146783868,0
2020-07-29,-0.1385376631972199,0.0,0.0,-0.7508373509368231,-0.758018058471019,-0.6778935146783868,0
2020-07-30,-0.1385376631972199,0.0,0.0,-0.7508373509368231,-0.758018058471019,-0.6778935146783868,0
2020-07-31,-0.1385376631972199,0.0,0.0,-0.7508373509368231,-0.758018058471019,-0.6778935146783868,0
2020-08-03,-0.1385376631972199,0.0,0.0,-0.7508373509368231,-0.758018058471019,-0.6778935146783868,0
2020-08-04,-0.1385376631972199,0.0,0.0,-0.7508373509368231,-0.758018058471019,-0.6778935146783868,0
2020-08-05,-0.1385376631972199,0.0,0.0,-0.7508373509368231,-0.758018058471019,-0.6778935146783868,0
2020-08-06,-0.1385376631972199,0.0,0.0,-0.7508373509368231,-0.758018058471019,-0.6778935146783868,0
2020-08-07,-0.1385376631972199,0.0,0.0,-0.7508373509368231,-0.758018058471019,-0.6778935146783868,0
2020-08-10,-0.1385376631972199,0.0,0.0,-0.7508373509368231,-0.758018058471019,-0.6778935146783868,0
2020-08-11,-0.1385376631972199,0.0,0.0,-0.7508373509368231,-0.758018058471019,-0.6778935146783868,0
2020-08-12,-0.1385376631972199,0.0,0.0,-0.7508373509368231,-0.758018058471019,-0.6778935146783868,0
2020-08-13,-0.1385376631972199,0.0,0.0,-0.7508373509368231,-0.758018058471019,-0.6778935146783868,0
2020-08-14,-0.1385376631972199,0.0,0.0,-0.7508373509368231,-0.758018058471019,-0.6778935146783868,0
2020-08-17,-0.1385376631972199,0.0,0.0,-0.7508373509368231,-0.758018058471019,-0.6778935146783868,0
2020-08-18,-0.1385376631972199,0.0,0.0,-0.7508373509368231,-0.758018058471019,-0.6778935146783868,0
2020-08-19,-0.1385376631972199,0.0,0.0,-0.7508373509368231,-0.758018058471019,-0.6778935146783868,0
2020-08-20,-0.1385376631972199,0.0,0.0,-0.7508373509368231,-0.758018058471019,-0.6778935146783868,0
2020-08-21,-0.1385376631972199,0.0,0.0,-0.7508373509368231,-0.758018058471019,-0.6778935146783868,0
2020-08-24,-0.1385376631972199,0.0,0.0,-0.7508373509368231,-0.758018058471019,-0.6778935146783868,0
2020-08-25,-0.1385376631972199,0.0,0.0,-0.7508373509368231,-0.758018058471019,-0.6778935146783868,0
2020-08-26,-0.1385376631972199,0.0,0.0,-0.7508373509368231,-0.758018058471019,-0.6778935146783868,0
2020-08-27,-0.1385376631972199,0.0,0.0,-0.7508373509368231,-0.758018058471019,-0.6778935146783868,0
2020-08-28,-0.1385376631972199,0.0,0.0,-0.7508373509368231,-0.758018058471019,-0.6778935146783868,0
2020-08-31,-0.1385376631972199,0.0,0.0,-0.7508373509368231,-0.758018058471019,-0.6778935146783868,0
2020-09-01,-0.1385376631972199,0.0,0.0,-0.7508373509368231,-0.758018058471019,-0.6778935146783868,0
2020-09-02,-0.1385376631972199,0.0,0.0,-0.7508373509368231,-0.758018058471019,-0.6778935146783868,0
2020-09-03,-0.1385376631972199,0.0,0.0,-0.7508373509368231,-0.758018058471019,-0.6778935146783868,0
2020-09-04,-0.1385376631972199,0.0,0.0,-0.7508373509368231,-0.758018058471019,-0.6778935146783868,0
2020-09-08,-0.1385376631972199,0.0,0.0,-0.7508373509368231,-0.758018058471019,-0.6778935146783868,0
2020-09-09,-0.1385376631972199,0.0,0.0,-0.7508373509368231,-0.758018058471019,-0.6778935146783868,0
2020-09-10,-0.1385376631972199,0.0,0.0,-0.7508373509368231,-0.758018058471019,-0.6778935146783868,0
2020-09-11,-0.1385376631972199,0.0,0.0,-0.7508373509368231,-0.758018058471019,-0.6778935146783868,0
2020-09-14,-0.1385376631972199,0.0,0.0,-0.7508373509368231,-0.758018058471019,-0.6778935146783868,0
2020-09-15,-0.1385376631972199,0.0,0.0,-0.7508373509368231,-0.758018058471019,-0.6778935146783868,0
2020-09-16,-0.1385376631972199,0.0,0.0,-0.7508373509368231,-0.758018058471019,-0.6778935146783868,0
2020-09-17,-0.1385376631972199,0.0,0.0,-0.7508373509368231,-0.758018058471019,-0.6778935146783868,0
2020-09-18,-0.1385376631972199,0.0,0.0,-0.7508373509368231,-0.758018058471019,-0.6778935146783868,0
2020-09-21,-0.1385376631972199,0.0,0.0,-0.7508373509368231,-0.758018058471019,-0.6778935146783868,0
2020-09-22,-0.1385376631972199,0.0,0.0,-0.7508373509368231,-0.758018058471019,-0.6778935146783868,0
2020-09-23,-0.1385376631972199,0.0,0.0,-0.7508373509368231,-0.758018058471019,-0.6778935146783868,0
2020-09-24,-0.1385376631972199,0.0,0.0,-0.7508373509368231,-0.758018058471019,-0.6778935146783868,0
2020-09-25,-0.1385376631972199,0.0,0.0,-0.7508373509368231,-0.758018058471019,-0.6778935146783868,0
2020-09-28,-0.1385376631972199,0.0,0.0,-0.7508373509368231,-0.758018058471019,-0.6778935146783868,0
2020-09-29,-0.1385376631972199,0.0,0.0,-0.7508373509368231,-0.758018058471019,-0.6778935146783868,0
2020-09-30,-0.1385376631972199,0.0,0.0,-0.7508373509368231,-0.758018058471019,-0.6778935146783868,0
2020-10-01,-0.1385376631972199,0.0,0.0,-0.7508373509368231,-0.758018058471019,-0.6778935146783868,0
2020-10-02,-0.1385376631972199,0.0,0.0,-0.7508373509368231,-0.758018058471019,-0.6778935146783868,0
2020-10-05,-0.1385376631972199,0.0,0.0,-0.7508373509368231,-0.758018058471019,-0.6778935146783868,0
2020-10-06,-0.1385376631972199,0.0,0.0,-0.7508373509368231,-0.758018058471019,-0.6778935146783868,0
2020-10-07,-0.1385376631972199,0.0,0.0,-0.7508373509368231,-0.758018058471019,-0.6778935146783868,0
2020-10-08,-0.1385376631972199,0.0,0.0,-0.7508373509368231,-0.758018058471019,-0.6778935146783868,0
2020-10-09,-0.1385376631972199,0.0,0.0,-0.7508373509368231,-0.758018058471019,-0.6778935146783868,0
2020-10-13,-0.1385376631972199,0.0,0.0,-0.7508373509368231,-0.758018058471019,-0.6778935146783868,0
2020-10-14,-0.1385376631972199,0.0,0.0,-0.7508373509368231,-0.758018058471019,-0.6778935146783868,0
2020-10-15,-0.1385376631972199,0.0,0.0,-0.7508373509368231,-0.758018058471019,-0.6778935146783868,0
2020-10-16,-0.1385376631972199,0.0,0.0,-0.7508373509368231,-0.758018058471019,-0.6778935146783868,0
2020-10-19,-0.1385376631972199,0.0,0.0,-0.7508373509368231,-0.758018058471019,-0.6778935146783868,0
2020-10-20,-0.1385376631972199,0.0,0.0,-0.7508373509368231,-0.758018058471019,-0.6778935146783868,0
2020-10-21,-0.1385376631972199,0.0,0.0,-0.7508373509368231,-0.758018058471019,-0.6778935146783868,0
2020-10-22,-0.1385376631972199,0.0,0.0,-0.7508373509368231,-0.758018058471019,-0.6778935146783868,0
2020-10-23,-0.1385376631972199,0.0,0.0,-0.7508373509368231,-0.758018058471019,-0.6778935146783868,0
2020-10-26,-0.1385376631972199,0.0,0.0,-0.7508373509368231,-0.758018058471019,-0.6778935146783868,0
2020-10-27,-0.1385376631972199,0.0,0.0,-0.7508373509368231,-0.758018058471019,-0.6778935146783868,0
2020-10-28,-0.1385376631972199,0.0,0.0,-0.7508373509368231,-0.758018058471019,-0.6778935146783868,0
2020-10-29,-0.1385376631972199,0.0,0.0,-0.7508373509368231,-0.758018058471019,-0.6778935146783868,0
2020-10-30,-0.1385376631972199,0.0,0.0,-0.7508373509368231,-0.758018058471019,-0.6778935146783868,0
2020-11-03,-0.1385376631972199,0.0,0.0,-0.7508373509368231,-0.758018058471019,-0.6778935146783868,0
2020-11-04,-0.1385376631972199,0.0,0.0,-0.7508373509368231,-0.758018058471019,-0.6778935146783868,0
2020-11-05,-0.1385376631972199,0.0,0.0,-0.7508373509368231,-0.758018058471019,-0.6778935146783868,0
2020-11-06,-0.1385376631972199,0.0,0.0,-0.7508373509368231,-0.758018058471019,-0.6778935146783868,0
2020-11-09,-0.1385376631972199,0.0,0.0,-0.7508373509368231,-0.758018058471019,-0.6778935146783868,0
2020-11-10,-0.1385376631972199,0.0,0.0,-0.7508373509368231,-0.758018058471019,-0.6778935146783868,0
2020-11-11,-0.1385376631972199,0.0,0.0,-0.7508373509368231,-0.758018058471019,-0.6778935146783868,0
2020-11-12,-0.1385376631972199,0.0,0.0,-0.7508373509368231,-0.758018058471019,-0.6778935146783868,0
2020-11-13,-0.1385376631972199,0.0,0.0,-0.7508373509368231,-0.758018058471019,-0.6778935146783868,0
2020-11-16,-0.1385376631972199,0.0,0.0,-0.7508373509368231,-0.758018058471019,-0.6778935146783868,0
2020-11-17,-0.1385376631972199,0.0,0.0,-0.7508373509368231,-0.758018058471019,-0.6778935146783868,0
2020-11-18,-0.1385376631972199,0.0,0.0,-0.7508373509368231,-0.758018058471019,-0.6778935146783868,0
2020-11-19,-0.1385376631972199,0.0,0.0,-0.7508373509368231,-0.758018058471019,-0.6778935146783868,0
2020-11-23,-0.1385376631972199,0.0,0.0,-0.7508373509368231,-0.758018058471019,-0.6778935146783868,0
2020-11-24,-0.1385376631972199,0.0,0.0,-0.7508373509368231,-0.758018058471019,-0.6778935146783868,0
2020-11-25,-0.1385376631972199,0.0,0.0,-0.7508373509368231,-0.758018058471019,-0.6778935146783868,0
2020-11-26,-0.1385376631972199,0.0,0.0,-0.7508373509368231,-0.758018058471019,-0.6778935146783868,0
2020-11-27,-0.1385376631972199,0.0,0.0,-0.7508373509368231,-0.758018058471019,-0.6778935146783868,0
2020-11-30,-0.1385376631972199,0.0,0.0,-0.7508373509368231,-0.758018058471019,-0.6778935146783868,0
2020-12-01,-0.1385376631972199,0.0,0.0,-0.7508373509368231,-0.758018058471019,-0.6778935146783868,0
2020-12-02,-0.1385376631972199,0.0,0.0,-0.7508373509368231,-0.758018058471019,-0.6778935146783868,0
2020-12-03,-0.1385376631972199,0.0,0.0,-0.7508373509368231,-0.758018058471019,-0.6778935146783868,0
2020-12-04,-0.1385376631972199,0.0,0.0,-0.7508373509368231,-0.758018058471019,-0.6778935146783868,0
2020-12-07,-0.1385376631972199,0.0,0.0,-0.7508373509368231,-0.758018058471019,-0.6778935146783868,0
2020-12-08,-0.1385376631972199,0.0,0.0,-0.7508373509368231,-0.758018058471019,-0.6778935146783868,0
2020-12-09,-0.1385376631972199,0.0,0.0,-0.7508373509368231,-0.758018058471019,-0.6778935146783868,0
2020-12-10,-0.1385376631972199,0.0,0.0,-0.7508373509368231,-0.758018058471019,-0.6778935146783868,0
2020-12-11,-0.1385376631972199,0.0,0.0,-0.7508373509368231,-0.758018058471019,-0.6778935146783868,0
2020-12-14,-0.1385376631972199,0.0,0.0,-0.7508373509368231,-0.758018058471019,-0.6778935146783868,0
2020-12-15,-0.1385376631972199,0.0,0.0,-0.7508373509368231,-0.758018058471019,-0.6778935146783868,0
2020-12-16,-0.1385376631972199,0.0,0.0,-0.7508373509368231,-0.758018058471019,-0.6778935146783868,0
2020-12-17,-0.1385376631972199,0.0,0.0,-0.7508373509368231,-0.758018058471019,-0.6778935146783868,0
2020-12-18,-0.1385376631972199,0.0,0.0,-0.7508373509368231,-0.758018058471019,-0.6778935146783868,0
2020-12-21,-0.1385376631972199,0.0,0.0,-0.7508373509368231,-0.758018058471019,-0.6778935146783868,0
2020-12-22,-0.1385376631972199,0.0,0.0,-0.7508373509368231,-0.758018058471019,-0.6778935146783868,0
2020-12-23,-0.1385376631972199,0.0,0.0,-0.7508373509368231,-0.758018058471019,-0.6778935146783868,0
2020-12-28,-0.1385376631972199,0.0,0.0,-0.7508373509368231,-0.758018058471019,-0.6778935146783868,0
2020-12-29,-0.1385376631972199,0.0,0.0,-0.7508373509368231,-0.758018058471019,-0.6778935146783868,0
2020-12-30,-0.1385376631972199,0.0,0.0,-0.7508373509368231,-0.758018058471019,-0.6778935146783868,0
2021-01-04,-0.1385376631972199,0.0,0.0,-0.7508373509368231,-0.758018058471019,-0.6778935146783868,0
2021-01-05,-0.1385376631972199,0.0,0.0,-0.7508373509368231,-0.758018058471019,-0.6778935146783868,0
2021-01-06,-0.1385376631972199,0.0,0.0,-0.7508373509368231,-0.758018058471019,-0.6778935146783868,0
2021-01-07,-0.1385376631972199,0.0,0.0,-0.7508373509368231,-0.758018058471019,-0.6778935146783868,0
2021-01-08,-0.1385376631972199,0.0,0.0,-0.7508373509368231,-0.758018058471019,-0.6778935146783868,0
2021-01-11,-0.1385376631972199,0.0,0.0,-0.7508373509368231,-0.758018058471019,-0.6778935146783868,0
2021-01-12,-0.1385376631972199,0.0,0.0,-0.7508373509368231,-0.758018058471019,-0.6778935146783868,0
2021-01-13,-0.1385376631972199,0.0,0.0,-0.7508373509368231,-0.758018058471019,-0.6778935146783868,0
2021-01-14,-0.1385376631972199,0.0,0.0,-0.7508373509368231,-0.758018058471019,-0.6778935146783868,0
2021-01-15,-0.1385376631972199,0.0,0.0,-0.7508373509368231,-0.758018058471019,-0.6778935146783868,0
2021-01-18,-0.1385376631972199,0.0,0.0,-0.7508373509368231,-0.758018058471019,-0.6778935146783868,0
2021-01-19,-0.1385376631972199,0.0,0.0,-0.7508373509368231,-0.758018058471019,-0.6778935146783868,0
2021-01-20,-0.1385376631972199,0.0,0.0,-0.7508373509368231,-0.758018058471019,-0.6778935146783868,0
2021-01-21,-0.1385376631972199,0.0,0.0,-0.7508373509368231,-0.758018058471019,-0.6778935146783868,0
2021-01-22,-0.1385376631972199,0.0,0.0,-0.7508373509368231,-0.758018058471019,-0.6778935146783868,0
2021-01-26,-0.1385376631972199,0.0,0.0,-0.7508373509368231,-0.758018058471019,-0.6778935146783868,0
2021-01-27,-0.1385376631972199,0.0,0.0,-0.7508373509368231,-0.758018058471019,-0.6778935146783868,0
2021-01-28,-0.1385376631972199,0.0,0.0,-0.7508373509368231,-0.758018058471019,-0.6778935146783868,0
2021-01-29,-0.1385376631972199,0.0,0.0,-0.7508373509368231,-0.758018058471019,-0.6778935146783868,0
2021-02-01,-0.1385376631972199,0.0,0.0,-0.7508373509368231,-0.758018058471019,-0.6778935146783868,0
2021-02-02,-0.1385376631972199,0.0,0.0,-0.7508373509368231,-0.758018058471019,-0.6778935146783868,0
2021-02-03,-0.1385376631972199,0.0,0.0,-0.7508373509368231,-0.758018058471019,-0.6778935146783868,0
2021-02-04,-0.1385376631972199,0.0,0.0,-0.7508373509368231,-0.758018058471019,-0.6778935146783868,0
2021-02-05,-0.1385376631972199,0.0,0.0,-0.7508373509368231,-0.758018058471019,-0.6778935146783868,0
2021-02-08,-0.1385376631972199,0.0,0.0,-0.7508373509368231,-0.758018058471019,-0.6778935146783868,0
2021-02-09,-0.1385376631972199,0.0,0.0,-0.7508373509368231,-0.758018058471019,-0.6778935146783868,0
2021-02-10,-0.1385376631972199,0.0,0.0,-0.7508373509368231,-0.758018058471019,-0.6778935146783868,0
2021-02-11,-0.1385376631972199,0.0,0.0,-0.7508373509368231,-0.758018058471019,-0.6778935146783868,0
2021-02-12,-0.1385376631972199,0.0,0.0,-0.7508373509368231,-0.758018058471019,-0.6778935146783868,0
2021-02-17,-0.1385376631972199,0.0,0.0,-0.7508373509368231,-0.758018058471019,-0.6778935146783868,0
2021-02-18,-0.1385376631972199,0.0,0.0,-0.7508373509368231,-0.758018058471019,-0.6778935146783868,0
2021-02-19,-0.1385376631972199,0.0,0.0,-0.7508373509368231,-0.758018058471019,-0.6778935146783868,0
2021-02-22,-0.1385376631972199,0.0,0.0,-0.7508373509368231,-0.758018058471019,-0.6778935146783868,0
2021-02-23,-0.1385376631972199,0.0,0.0,-0.7508373509368231,-0.758018058471019,-0.6778935146783868,0
2021-02-24,-0.1385376631972199,0.0,0.0,-0.7508373509368231,-0.758018058471019,-0.6778935146783868,0
2021-02-25,-0.1385376631972199,0.0,0.0,-0.7508373509368231,-0.758018058471019,-0.6778935146783868,0
2021-02-26,-0.1385376631972199,0.0,0.0,-0.7508373509368231,-0.758018058471019,-0.6778935146783868,0
2021-03-01,-0.1385376631972199,0.0,0.0,-0.7508373509368231,-0.758018058471019,-0.6778935146783868,0
2021-03-02,-0.1385376631972199,0.0,0.0,-0.7508373509368231,-0.758018058471019,-0.6778935146783868,0
2021-03-03,-0.1385376631972199,0.0,0.0,-0.7508373509368231,-0.758018058471019,-0.6778935146783868,0
2021-03-04,-0.1385376631972199,0.0,0.0,-0.7508373509368231,-0.758018058471019,-0.6778935146783868,0
2021-03-05,-0.1385376631972199,0.0,0.0,-0.7508373509368231,-0.758018058471019,-0.6778935146783868,0
2021-03-08,-0.1385376631972199,0.0,0.0,-0.7508373509368231,-0.758018058471019,-0.6778935146783868,0
2021-03-09,-0.1385376631972199,0.0,0.0,-0.7508373509368231,-0.758018058471019,-0.6778935146783868,0
2021-03-10,-0.1385376631972199,0.0,0.0,-0.7508373509368231,-0.758018058471019,-0.6778935146783868,0
2021-03-11,-0.1385376631972199,0.0,0.0,-0.7508373509368231,-0.758018058471019,-0.6778935146783868,0
2021-03-12,-0.1385376631972199,0.0,0.0,-0.7508373509368231,-0.758018058471019,-0.6778935146783868,0
2021-03-15,-0.1385376631972199,0.0,0.0,-0.7508373509368231,-0.758018058471019,-0.6778935146783868,0
2021-03-16,-0.1385376631972199,0.0,0.0,-0.7508373509368231,-0.758018058471019,-0.6778935146783868,0
2021-03-17,-0.1385376631972199,0.0,0.0,-0.7508373509368231,-0.758018058471019,-0.6778935146783868,0
2021-03-18,-0.1385376631972199,0.0,0.0,-0.7508373509368231,-0.758018058471019,-0.6778935146783868,0
2021-03-19,-0.1385376631972199,0.0,0.0,-0.7508373509368231,-0.758018058471019,-0.6778935146783868,0
2021-03-22,-0.1385376631972199,0.0,0.0,-0.7508373509368231,-0.758018058471019,-0.6778935146783868,0
2021-03-23,-0.1385376631972199,0.0,0.0,-0.7508373509368231,-0.758018058471019,-0.6778935146783868,0
2021-03-24,-0.1385376631972199,0.0,0.0,-0.7508373509368231,-0.758018058471019,-0.6778935146783868,0
2021-03-25,-0.1385376631972199,0.0,0.0,-0.7508373509368231,-0.758018058471019,-0.6778935146783868,0
2021-03-26,-0.1385376631972199,0.0,0.0,-0.7508373509368231,-0.758018058471019,-0.6778935146783868,0
2021-03-29,-0.1385376631972199,0.0,0.0,-0.7508373509368231,-0.758018058471019,-0.6778935146783868,0
2021-03-30,-0.1385376631972199,0.0,0.0,-0.7508373509368231,-0.758018058471019,-0.6778935146783868,0
2021-03-31,-0.1385376631972199,0.0,0.0,-0.7508373509368231,-0.758018058471019,-0.6778935146783868,0
2021-04-01,-0.1385376631972199,0.0,0.0,-0.7508373509368231,-0.758018058471019,-0.6778935146783868,0
2021-04-05,-0.1385376631972199,0.0,0.0,-0.7508373509368231,-0.758018058471019,-0.6778935146783868,0
2021-04-06,-0.1385376631972199,0.0,0.0,-0.7508373509368231,-0.758018058471019,-0.6778935146783868,0
2021-04-07,-0.1385376631972199,0.0,0.0,-0.7508373509368231,-0.758018058471019,-0.6778935146783868,0
2021-04-08,-0.1385376631972199,0.0,0.0,-0.7508373509368231,-0.758018058471019,-0.6778935146783868,0
2021-04-09,-0.1385376631972199,0.0,0.0,-0.7508373509368231,-0.758018058471019,-0.6778935146783868,0
2021-04-12,-0.1385376631972199,0.0,0.0,-0.7508373509368231,-0.758018058471019,-0.6778935146783868,0
2021-04-13,-0.1385376631972199,0.0,0.0,-0.7508373509368231,-0.758018058471019,-0.6778935146783868,0
2021-04-14,-0.1385376631972199,0.0,0.0,-0.7508373509368231,-0.758018058471019,-0.6778935146783868,0
2021-04-15,-0.1385376631972199,0.0,0.0,-0.7508373509368231,-0.758018058471019,-0.6778935146783868,0
2021-04-16,-0.1385376631972199,0.0,0.0,-0.7508373509368231,-0.758018058471019,-0.6778935146783868,0
2021-04-19,-0.1385376631972199,0.0,0.0,-0.7508373509368231,-0.758018058471019,-0.6778935146783868,0
2021-04-20,-0.1385376631972199,0.0,0.0,-0.7508373509368231,-0.758018058471019,-0.6778935146783868,0
2021-04-22,-0.1385376631972199,0.0,0.0,-0.7508373509368231,-0.758018058471019,-0.6778935146783868,0
2021-04-23,-0.1385376631972199,0.0,0.0,-0.7508373509368231,-0.758018058471019,-0.6778935146783868,0
2021-04-26,-0.1385376631972199,0.0,0.0,-0.7508373509368231,-0.758018058471019,-0.6778935146783868,0
2021-04-27,-0.1385376631972199,0.0,0.0,-0.7508373509368231,-0.758018058471019,-0.6778935146783868,0
2021-04-28,-0.1385376631972199,0.0,0.0,-0.7508373509368231,-0.758018058471019,-0.6778935146783868,0
2021-04-29,-0.1385376631972199,0.0,0.0,-0.7508373509368231,-0.758018058471019,-0.6778935146783868,0
2021-04-30,-0.1385376631972199,0.0,0.0,-0.7508373509368231,-0.758018058471019,-0.6778935146783868,0
2021-05-03,-0.1385376631972199,0.0,0.0,-0.7508373509368231,-0.758018058471019,-0.6778935146783868,0
2021-05-04,-0.1385376631972199,0.0,0.0,-0.7508373509368231,-0.758018058471019,-0.6778935146783868,0
2021-05-05,-0.1385376631972199,0.0,0.0,-0.7508373509368231,-0.758018058471019,-0.6778935146783868,0
2021-05-06,-0.1385376631972199,0.0,0.0,-0.7508373509368231,-0.758018058471019,-0.6778935146783868,0
2021-05-07,-0.1385376631972199,0.0,0.0,-0.7508373509368231,-0.758018058471019,-0.6778935146783868,0
2021-05-10,-0.1385376631972199,0.0,0.0,-0.7508373509368231,-0.758018058471019,-0.6778935146783868,0
2021-05-11,-0.1385376631972199,0.0,0.0,-0.7508373509368231,-0.758018058471019,-0.6778935146783868,0
2021-05-12,-0.1385376631972199,0.0,0.0,-0.7508373509368231,-0.758018058471019,-0.6778935146783868,0
2021-05-13,-0.1385376631972199,0.0,0.0,-0.7508373509368231,-0.758018058471019,-0.6778935146783868,0
2021-05-14,-0.1385376631972199,0.0,0.0,-0.7508373509368231,-0.758018058471019,-0.6778935146783868,0
2021-05-17,-0.1385376631972199,0.0,0.0,-0.7508373509368231,-0.758018058471019,-0.6778935146783868,0
2021-05-18,-0.1385376631972199,0.0,0.0,-0.7508373509368231,-0.758018058471019,-0.6778935146783868,0
2021-05-19,-0.1385376631972199,0.0,0.0,-0.7508373509368231,-0.758018058471019,-0.6778935146783868,0
2021-05-20,-0.1385376631972199,0.0,0.0,-0.7508373509368231,-0.758018058471019,-0.6778935146783868,0
2021-05-21,-0.1385376631972199,0.0,0.0,-0.7508373509368231,-0.758018058471019,-0.6778935146783868,0
2021-05-24,-0.1385376631972199,0.0,0.0,-0.7508373509368231,-0.758018058471019,-0.6778935146783868,0
2021-05-25,-0.1385376631972199,0.0,0.0,-0.7508373509368231,-0.758018058471019,-0.6778935146783868,0
2021-05-26,-0.1385376631972199,0.0,0.0,-0.7508373509368231,-0.758018058471019,-0.6778935146783868,0
2021-05-27,-0.1385376631972199,0.0,0.0,-0.7508373509368231,-0.758018058471019,-0.6778935146783868,0
2021-05-28,-0.1385376631972199,0.0,0.0,-0.7508373509368231,-0.758018058471019,-0.6778935146783868,0
2021-05-31,-0.1385376631972199,0.0,0.0,-0.7508373509368231,-0.758018058471019,-0.6778935146783868,0
2021-06-01,-0.1385376631972199,0.0,0.0,-0.7508373509368231,-0.758018058471019,-0.6778935146783868,0
2021-06-02,-0.1385376631972199,0.0,0.0,-0.7508373509368231,-0.758018058471019,-0.6778935146783868,0
2021-06-04,-0.1385376631972199,0.0,0.0,-0.7508373509368231,-0.758018058471019,-0.6778935146783868,0
2021-06-07,-0.1385376631972199,0.0,0.0,-0.7508373509368231,-0.758018058471019,-0.6778935146783868,0
2021-06-08,-0.1385376631972199,0.0,0.0,-0.7508373509368231,-0.758018058471019,-0.6778935146783868,0
2021-06-09,-0.1385376631972199,0.0,0.0,-0.7508373509368231,-0.758018058471019,-0.6778935146783868,0
2021-06-10,-0.1385376631972199,0.0,0.0,-0.7508373509368231,-0.758018058471019,-0.6778935146783868,0
2021-06-11,-0.1385376631972199,0.0,0.0,-0.7508373509368231,-0.758018058471019,-0.6778935146783868,0
2021-06-14,-0.1385376631972199,0.0,0.0,-0.7508373509368231,-0.758018058471019,-0.6778935146783868,0
2021-06-15,-0.1385376631972199,0.0,0.0,-0.7508373509368231,-0.758018058471019,-0.6778935146783868,0
2021-06-16,-0.1385376631972199,0.0,0.0,-0.7508373509368231,-0.758018058471019,-0.6778935146783868,0
2021-06-17,-0.1385376631972199,0.0,0.0,-0.7508373509368231,-0.758018058471019,-0.6778935146783868,0
2021-06-18,-0.1385376631972199,0.0,0.0,-0.7508373509368231,-0.758018058471019,-0.6778935146783868,0
2021-06-21,-0.1385376631972199,0.0,0.0,-0.7508373509368231,-0.758018058471019,-0.6778935146783868,0
2021-06-22,-0.1385376631972199,0.0,0.0,-0.7508373509368231,-0.758018058471019,-0.6778935146783868,0
2021-06-23,-0.1385376631972199,0.0,0.0,-0.7508373509368231,-0.758018058471019,-0.6778935146783868,0
2021-06-24,-0.1385376631972199,0.0,0.0,-0.7508373509368231,-0.758018058471019,-0.6778935146783868,0
2021-06-25,-0.1385376631972199,0.0,0.0,-0.7508373509368231,-0.758018058471019,-0.6778935146783868,0
2021-06-28,-0.1385376631972199,0.0,0.0,-0.7508373509368231,-0.758018058471019,-0.6778935146783868,0
2021-06-29,-0.1385376631972199,0.0,0.0,-0.7508373509368231,-0.758018058471019,-0.6778935146783868,0
2021-06-30,-0.1385376631972199,0.0,0.0,-0.7508373509368231,-0.758018058471019,-0.6778935146783868,0
2021-07-01,-0.1385376631972199,0.0,0.0,-0.7508373509368231,-0.758018058471019,-0.6778935146783868,0
2021-07-02,-0.1385376631972199,0.0,0.0,-0.7508373509368231,-0.758018058471019,-0.6778935146783868,0
2021-07-05,-0.1385376631972199,0.0,0.0,-0.7508373509368231,-0.758018058471019,-0.6778935146783868,0
2021-07-06,-0.1385376631972199,0.0,0.0,-0.7508373509368231,-0.758018058471019,-0.6778935146783868,0
2021-07-07,-0.1385376631972199,0.0,0.0,-0.7508373509368231,-0.758018058471019,-0.6778935146783868,0
2021-07-08,-0.1385376631972199,0.0,0.0,-0.7508373509368231,-0.758018058471019,-0.6778935146783868,0
2021-07-12,-0.1385376631972199,0.0,0.0,-0.7508373509368231,-0.758018058471019,-0.6778935146783868,0
2021-07-13,-0.1385376631972199,0.0,0.0,-0.7508373509368231,-0.758018058471019,-0.6778935146783868,0
2021-07-14,-0.1385376631972199,0.0,0.0,-0.7508373509368231,-0.758018058471019,-0.6778935146783868,0
2021-07-15,-0.1385376631972199,0.0,0.0,-0.7508373509368231,-0.758018058471019,-0.6778935146783868,0
2021-07-16,-0.1385376631972199,0.0,0.0,-0.7508373509368231,-0.758018058471019,-0.6778935146783868,0
2021-07-19,-0.1385376631972199,0.0,0.0,-0.7508373509368231,-0.758018058471019,-0.6778935146783868,0
2021-07-20,-0.1385376631972199,0.0,0.0,-0.7508373509368231,-0.758018058471019,-0.6778935146783868,0
2021-07-21,-0.1385376631972199,0.0,0.0,-0.7508373509368231,-0.758018058471019,-0.6778935146783868,0
2021-07-22,-0.1385376631972199,0.0,0.0,-0.7508373509368231,-0.758018058471019,-0.6778935146783868,0
2021-07-23,-0.1385376631972199,0.0,0.0,-0.7508373509368231,-0.758018058471019,-0.6778935146783868,0
2021-07-26,-0.1385376631972199,0.0,0.0,-0.7508373509368231,-0.758018058471019,-0.6778935146783868,0
2021-07-27,-0.1385376631972199,0.0,0.0,-0.7508373509368231,-0.758018058471019,-0.6778935146783868,0
2021-07-28,-0.1385376631972199,0.0,0.0,-0.7508373509368231,-0.758018058471019,-0.6778935146783868,0
2021-07-29,-0.1385376631972199,0.0,0.0,-0.7508373509368231,-0.758018058471019,-0.6778935146783868,0
2021-07-30,-0.1385376631972199,0.0,0.0,-0.7508373509368231,-0.758018058471019,-0.6778935146783868,0
2021-08-02,-0.1385376631972199,0.0,0.0,-0.7508373509368231,-0.758018058471019,-0.6778935146783868,0
2021-08-03,-0.1385376631972199,0.0,0.0,-0.7508373509368231,-0.758018058471019,-0.6778935146783868,0
2021-08-04,-0.1385376631972199,0.0,0.0,-0.7508373509368231,-0.758018058471019,-0.6778935146783868,0
2021-08-05,-0.1385376631972199,0.0,0.0,-0.7508373509368231,-0.758018058471019,-0.6778935146783868,0
2021-08-06,-0.1385376631972199,0.0,0.0,-0.7508373509368231,-0.758018058471019,-0.6778935146783868,0
2021-08-09,-0.1385376631972199,0.0,0.0,-0.7508373509368231,-0.758018058471019,-0.6778935146783868,0
2021-08-10,-0.1385376631972199,0.0,0.0,-0.7508373509368231,-0.758018058471019,-0.6778935146783868,0
2021-08-11,-0.1385376631972199,0.0,0.0,-0.7508373509368231,-0.758018058471019,-0.6778935146783868,0
2021-08-12,-0.1385376631972199,0.0,0.0,-0.7508373509368231,-0.758018058471019,-0.6778935146783868,0
2021-08-13,-0.1385376631972199,0.0,0.0,-0.7508373509368231,-0.758018058471019,-0.6778935146783868,0
2021-08-16,-0.1385376631972199,0.0,0.0,-0.7508373509368231,-0.758018058471019,-0.6778935146783868,0
2021-08-17,-0.1385376631972199,0.0,0.0,-0.7508373509368231,-0.758018058471019,-0.6778935146783868,0
2021-08-18,-0.1385376631972199,0.0,0.0,-0.7508373509368231,-0.758018058471019,-0.6778935146783868,0
2021-08-19,-0.1385376631972199,0.0,0.0,-0.7508373509368231,-0.758018058471019,-0.6778935146783868,0
2021-08-20,-0.1385376631972199,0.0,0.0,-0.7508373509368231,-0.758018058471019,-0.6778935146783868,0
2021-08-23,-0.1385376631972199,0.0,0.0,-0.7508373509368231,-0.758018058471019,-0.6778935146783868,0
2021-08-24,-0.1385376631972199,0.0,0.0,-0.7508373509368231,-0.758018058471019,-0.6778935146783868,0
2021-08-25,-0.1385376631972199,0.0,0.0,-0.7508373509368231,-0.758018058471019,-0.6778935146783868,0
2021-08-26,-0.1385376631972199,0.0,0.0,-0.7508373509368231,-0.758018058471019,-0.6778935146783868,0
2021-08-27,-0.1385376631972199,0.0,0.0,-0.7508373509368231,-0.758018058471019,-0.6778935146783868,0
2021-08-30,-0.1385376631972199,0.0,0.0,-0.7508373509368231,-0.758018058471019,-0.6778935146783868,0
2021-08-31,-0.1385376631972199,0.0,0.0,-0.7508373509368231,-0.758018058471019,-0.6778935146783868,0
2021-09-01,-0.1385376631972199,0.0,0.0,-0.7508373509368231,-0.758018058471019,-0.6778935146783868,0
2021-09-02,-0.1385376631972199,0.0,0.0,-0.7508373509368231,-0.758018058471019,-0.6778935146783868,0
2021-09-03,-0.1385376631972199,0.0,0.0,-0.7508373509368231,-0.758018058471019,-0.6778935146783868,0
2021-09-06,-0.1385376631972199,0.0,0.0,-0.7508373509368231,-0.758018058471019,-0.6778935146783868,0
2021-09-08,-0.1385376631972199,0.0,0.0,-0.7508373509368231,-0.758018058471019,-0.6778935146783868,0
2021-09-09,-0.1385376631972199,0.0,0.0,-0.7508373509368231,-0.758018058471019,-0.6778935146783868,0
2021-09-10,-0.1385376631972199,0.0,0.0,-0.7508373509368231,-0.758018058471019,-0.6778935146783868,0
2021-09-13,-0.1385376631972199,0.0,0.0,-0.7508373509368231,-0.758018058471019,-0.6778935146783868,0
2021-09-14,-0.1385376631972199,0.0,0.0,-0.7508373509368231,-0.758018058471019,-0.6778935146783868,0
2021-09-15,-0.1385376631972199,0.0,0.0,-0.7508373509368231,-0.758018058471019,-0.6778935146783868,0
2021-09-16,-0.1385376631972199,0.0,0.0,-0.7508373509368231,-0.758018058471019,-0.6778935146783868,0
2021-09-17,-0.1385376631972199,0.0,0.0,-0.7508373509368231,-0.758018058471019,-0.6778935146783868,0
2021-09-20,-0.1385376631972199,0.0,0.0,-0.7508373509368231,-0.758018058471019,-0.6778935146783868,0
2021-09-21,-0.1385376631972199,0.0,0.0,-0.7508373509368231,-0.758018058471019,-0.6778935146783868,0
2021-09-22,-0.1385376631972199,0.0,0.0,-0.7508373509368231,-0.758018058471019,-0.6778935146783868,0
2021-09-23,-0.1385376631972199,0.0,0.0,-0.7508373509368231,-0.758018058471019,-0.6778935146783868,0
2021-09-24,-0.1385376631972199,0.0,0.0,-0.7508373509368231,-0.758018058471019,-0.6778935146783868,0
2021-09-27,-0.1385376631972199,0.0,0.0,-0.7508373509368231,-0.758018058471019,-0.6778935146783868,0
2021-09-28,-0.1385376631972199,0.0,0.0,-0.7508373509368231,-0.758018058471019,-0.6778935146783868,0
2021-09-29,-0.1385376631972199,0.0,0.0,-0.7508373509368231,-0.758018058471019,-0.6778935146783868,0
2021-09-30,-0.1385376631972199,0.0,0.0,-0.7508373509368231,-0.758018058471019,-0.6778935146783868,0
2021-10-01,-0.1385376631972199,0.0,0.0,-0.7508373509368231,-0.758018058471019,-0.6778935146783868,0
2021-10-04,-0.1385376631972199,0.0,0.0,-0.7508373509368231,-0.758018058471019,-0.6778935146783868,0
2021-10-05,-0.1385376631972199,0.0,0.0,-0.7508373509368231,-0.758018058471019,-0.6778935146783868,0
2021-10-06,-0.1385376631972199,0.0,0.0,-0.7508373509368231,-0.758018058471019,-0.6778935146783868,0
2021-10-07,-0.1385376631972199,0.0,0.0,-0.7508373509368231,-0.758018058471019,-0.6778935146783868,0
2021-10-08,-0.1385376631972199,0.0,0.0,-0.7508373509368231,-0.758018058471019,-0.6778935146783868,0
2021-10-11,-0.1385376631972199,0.0,0.0,-0.7508373509368231,-0.758018058471019,-0.6778935146783868,0
2021-10-13,-0.1385376631972199,0.0,0.0,-0.7508373509368231,-0.758018058471019,-0.6778935146783868,0
2021-10-14,-0.1385376631972199,0.0,0.0,-0.7508373509368231,-0.758018058471019,-0.6778935146783868,0
2021-10-15,-0.1385376631972199,0.0,0.0,-0.7508373509368231,-0.758018058471019,-0.6778935146783868,0
2021-10-18,-0.1385376631972199,0.0,0.0,-0.7508373509368231,-0.758018058471019,-0.6778935146783868,0
2021-10-19,-0.1385376631972199,0.0,0.0,-0.7508373509368231,-0.758018058471019,-0.6778935146783868,0
2021-10-20,-0.1385376631972199,0.0,0.0,-0.7508373509368231,-0.758018058471019,-0.6778935146783868,0
2021-10-21,-0.1385376631972199,0.0,0.0,-0.7508373509368231,-0.758018058471019,-0.6778935146783868,0
2021-10-22,-0.1385376631972199,0.0,0.0,-0.7508373509368231,-0.758018058471019,-0.6778935146783868,0
2021-10-25,-0.1385376631972199,0.0,0.0,-0.7508373509368231,-0.758018058471019,-0.6778935146783868,0
2021-10-26,-0.1385376631972199,0.0,0.0,-0.7508373509368231,-0.758018058471019,-0.6778935146783868,0
2021-10-27,-0.1385376631972199,0.0,0.0,-0.7508373509368231,-0.758018058471019,-0.6778935146783868,0
2021-10-28,-0.1385376631972199,0.0,0.0,-0.7508373509368231,-0.758018058471019,-0.6778935146783868,0
2021-10-29,-0.1385376631972199,0.0,0.0,-0.7508373509368231,-0.758018058471019,-0.6778935146783868,0
2021-11-01,-0.1385376631972199,0.0,0.0,-0.7508373509368231,-0.758018058471019,-0.6778935146783868,0
2021-11-03,-0.1385376631972199,0.0,0.0,-0.7508373509368231,-0.758018058471019,-0.6778935146783868,0
2021-11-04,-0.1385376631972199,0.0,0.0,-0.7508373509368231,-0.758018058471019,-0.6778935146783868,0
2021-11-05,-0.1385376631972199,0.0,0.0,-0.7508373509368231,-0.758018058471019,-0.6778935146783868,0
2021-11-08,-0.1385376631972199,0.0,0.0,-0.7508373509368231,-0.758018058471019,-0.6778935146783868,0
2021-11-09,-0.1385376631972199,0.0,0.0,-0.7508373509368231,-0.758018058471019,-0.6778935146783868,0
2021-11-10,-0.1385376631972199,0.0,0.0,-0.7508373509368231,-0.758018058471019,-0.6778935146783868,0
2021-11-11,-0.1385376631972199,0.0,0.0,-0.7508373509368231,-0.758018058471019,-0.6778935146783868,0
2021-11-12,-0.1385376631972199,0.0,0.0,-0.7508373509368231,-0.758018058471019,-0.6778935146783868,0
2021-11-16,-0.1385376631972199,0.0,0.0,-0.7508373509368231,-0.758018058471019,-0.6778935146783868,0
2021-11-17,-0.1385376631972199,0.0,0.0,-0.7508373509368231,-0.758018058471019,-0.6778935146783868,0
2021-11-18,-0.1385376631972199,0.0,0.0,-0.7508373509368231,-0.758018058471019,-0.6778935146783868,0
2021-11-19,-0.1385376631972199,0.0,0.0,-0.7508373509368231,-0.758018058471019,-0.6778935146783868,0
2021-11-22,-0.1385376631972199,0.0,0.0,-0.7508373509368231,-0.758018058471019,-0.6778935146783868,0
2021-11-23,-0.1385376631972199,0.0,0.0,-0.7508373509368231,-0.758018058471019,-0.6778935146783868,0
2021-11-24,-0.1385376631972199,0.0,0.0,-0.7508373509368231,-0.758018058471019,-0.6778935146783868,0
2021-11-25,-0.1385376631972199,0.0,0.0,-0.7508373509368231,-0.758018058471019,-0.6778935146783868,0
2021-11-26,-0.1385376631972199,0.0,0.0,-0.7508373509368231,-0.758018058471019,-0.6778935146783868,0
2021-11-29,-0.1385376631972199,0.0,0.0,-0.7508373509368231,-0.758018058471019,-0.6778935146783868,0
2021-11-30,-0.1385376631972199,0.0,0.0,-0.7508373509368231,-0.758018058471019,-0.6778935146783868,0
2021-12-01,-0.1385376631972199,0.0,0.0,-0.7508373509368231,-0.758018058471019,-0.6778935146783868,0
2021-12-02,-0.1385376631972199,0.0,0.0,-0.7508373509368231,-0.758018058471019,-0.6778935146783868,0
2021-12-03,-0.1385376631972199,0.0,0.0,-0.7508373509368231,-0.758018058471019,-0.6778935146783868,0
2021-12-06,-0.1385376631972199,0.0,0.0,-0.7508373509368231,-0.758018058471019,-0.6778935146783868,0
2021-12-07,-0.1385376631972199,0.0,0.0,-0.7508373509368231,-0.758018058471019,-0.6778935146783868,0
2021-12-08,-0.1385376631972199,0.0,0.0,-0.7508373509368231,-0.758018058471019,-0.6778935146783868,0
2021-12-09,-0.1385376631972199,0.0,0.0,-0.7508373509368231,-0.758018058471019,-0.6778935146783868,0
2021-12-10,-0.1385376631972199,0.0,0.0,-0.7508373509368231,-0.758018058471019,-0.6778935146783868,0
2021-12-13,-0.1385376631972199,0.0,0.0,-0.7508373509368231,-0.758018058471019,-0.6778935146783868,0
2021-12-14,-0.1385376631972199,0.0,0.0,-0.7508373509368231,-0.758018058471019,-0.6778935146783868,0
2021-12-15,-0.1385376631972199,0.0,0.0,-0.7508373509368231,-0.758018058471019,-0.6778935146783868,0
2021-12-16,-0.1385376631972199,0.0,0.0,-0.7508373509368231,-0.758018058471019,-0.6778935146783868,0
2021-12-17,-0.1385376631972199,0.0,0.0,-0.7508373509368231,-0.758018058471019,-0.6778935146783868,0
2021-12-20,-0.1385376631972199,0.0,0.0,-0.7508373509368231,-0.758018058471019,-0.6778935146783868,0
2021-12-21,-0.1385376631972199,0.0,0.0,-0.7508373509368231,-0.758018058471019,-0.6778935146783868,0
2021-12-22,-0.1385376631972199,0.0,0.0,-0.7508373509368231,-0.758018058471019,-0.6778935146783868,0
2021-12-23,-0.1385376631972199,0.0,0.0,-0.7508373509368231,-0.758018058471019,-0.6778935146783868,0
2021-12-27,-0.1385376631972199,0.0,0.0,-0.7508373509368231,-0.758018058471019,-0.6778935146783868,0
2021-12-28,-0.1385376631972199,0.0,0.0,-0.7508373509368231,-0.758018058471019,-0.6778935146783868,0
2021-12-29,-0.1385376631972199,0.0,0.0,-0.7508373509368231,-0.758018058471019,-0.6778935146783868,0
2021-12-30,-0.1385376631972199,0.0,0.0,-0.7508373509368231,-0.758018058471019,-0.6778935146783868,0
2022-01-03,-0.1385376631972199,0.0,0.0,-0.7508373509368231,-0.758018058471019,-0.6778935146783868,0
2022-01-04,-0.1385376631972199,0.0,0.0,-0.7508373509368231,-0.758018058471019,-0.6778935146783868,0
2022-01-05,-0.1385376631972199,0.0,0.0,-0.7508373509368231,-0.758018058471019,-0.6778935146783868,0
2022-01-06,-0.1385376631972199,0.0,0.0,-0.7508373509368231,-0.758018058471019,-0.6778935146783868,0
2022-01-07,-0.1385376631972199,0.0,0.0,-0.7508373509368231,-0.758018058471019,-0.6778935146783868,0
2022-01-10,-0.1385376631972199,0.0,0.0,-0.7508373509368231,-0.758018058471019,-0.6778935146783868,0
2022-01-11,-0.1385376631972199,0.0,0.0,-0.7508373509368231,-0.758018058471019,-0.6778935146783868,0
2022-01-12,-0.1385376631972199,0.0,0.0,-0.7508373509368231,-0.758018058471019,-0.6778935146783868,0
2022-01-13,-0.1385376631972199,0.0,0.0,-0.7508373509368231,-0.758018058471019,-0.6778935146783868,0
2022-01-14,-0.1385376631972199,0.0,0.0,-0.7508373509368231,-0.758018058471019,-0.6778935146783868,0
2022-01-17,-0.1385376631972199,0.0,0.0,-0.7508373509368231,-0.758018058471019,-0.6778935146783868,0
2022-01-18,-0.1385376631972199,0.0,0.0,-0.7508373509368231,-0.758018058471019,-0.6778935146783868,0
2022-01-19,-0.1385376631972199,0.0,0.0,-0.7508373509368231,-0.758018058471019,-0.6778935146783868,0
2022-01-20,-0.1385376631972199,0.0,0.0,-0.7508373509368231,-0.758018058471019,-0.6778935146783868,0
2022-01-21,-0.1385376631972199,0.0,0.0,-0.7508373509368231,-0.758018058471019,-0.6778935146783868,0
2022-01-24,-0.1385376631972199,0.0,0.0,-0.7508373509368231,-0.758018058471019,-0.6778935146783868,0
2022-01-25,-0.1385376631972199,0.0,0.0,-0.7508373509368231,-0.758018058471019,-0.6778935146783868,0
2022-01-26,-0.1385376631972199,0.0,0.0,-0.7508373509368231,-0.758018058471019,-0.6778935146783868,0
2022-01-27,-0.1385376631972199,0.0,0.0,-0.7508373509368231,-0.758018058471019,-0.6778935146783868,0
2022-01-28,-0.1385376631972199,0.0,0.0,-0.7508373509368231,-0.758018058471019,-0.6778935146783868,0
2022-01-31,-0.1385376631972199,0.0,0.0,-0.7508373509368231,-0.758018058471019,-0.6778935146783868,0
2022-02-01,-0.1385376631972199,0.0,0.0,-0.7508373509368231,-0.758018058471019,-0.6778935146783868,0
2022-02-02,-0.1385376631972199,0.0,0.0,-0.7508373509368231,-0.758018058471019,-0.6778935146783868,0
2022-02-03,-0.1385376631972199,0.0,0.0,-0.7508373509368231,-0.758018058471019,-0.6778935146783868,0
2022-02-04,-0.1385376631972199,0.0,0.0,-0.7508373509368231,-0.758018058471019,-0.6778935146783868,0
2022-02-07,-0.1385376631972199,0.0,0.0,-0.7508373509368231,-0.758018058471019,-0.6778935146783868,0
2022-02-08,-0.1385376631972199,0.0,0.0,-0.7508373509368231,-0.758018058471019,-0.6778935146783868,0
2022-02-09,-0.1385376631972199,0.0,0.0,-0.7508373509368231,-0.758018058471019,-0.6778935146783868,0
2022-02-10,-0.1385376631972199,0.0,0.0,-0.7508373509368231,-0.758018058471019,-0.6778935146783868,0
2022-02-11,-0.1385376631972199,0.0,0.0,-0.7508373509368231,-0.758018058471019,-0.6778935146783868,0
2022-02-14,-0.1385376631972199,0.0,0.0,-0.7508373509368231,-0.758018058471019,-0.6778935146783868,0
2022-02-15,-0.1385376631972199,0.0,0.0,-0.7508373509368231,-0.758018058471019,-0.6778935146783868,0
2022-02-16,-0.1385376631972199,0.0,0.0,-0.7508373509368231,-0.758018058471019,-0.6778935146783868,0
2022-02-17,-0.1385376631972199,0.0,0.0,-0.7508373509368231,-0.758018058471019,-0.6778935146783868,0
2022-02-18,-0.1385376631972199,0.0,0.0,-0.7508373509368231,-0.758018058471019,-0.6778935146783868,0
2022-02-21,-0.1385376631972199,0.0,0.0,-0.7508373509368231,-0.758018058471019,-0.6778935146783868,0
2022-02-22,-0.1385376631972199,0.0,0.0,-0.7508373509368231,-0.758018058471019,-0.6778935146783868,0
2022-02-23,-0.1385376631972199,0.0,0.0,-0.7508373509368231,-0.758018058471019,-0.6778935146783868,0
2022-02-24,-0.1385376631972199,0.0,0.0,-0.7508373509368231,-0.758018058471019,-0.6778935146783868,0
2022-02-25,-0.1385376631972199,0.0,0.0,-0.7508373509368231,-0.758018058471019,-0.6778935146783868,0
2022-03-02,-0.1385376631972199,0.0,0.0,-0.7508373509368231,-0.758018058471019,-0.6778935146783868,0
2022-03-03,-0.1385376631972199,0.0,0.0,-0.7508373509368231,-0.758018058471019,-0.6778935146783868,0
2022-03-04,-0.1385376631972199,0.0,0.0,-0.7508373509368231,-0.758018058471019,-0.6778935146783868,0
2022-03-07,-0.1385376631972199,0.0,0.0,-0.7508373509368231,-0.758018058471019,-0.6778935146783868,0
2022-03-08,-0.1385376631972199,0.0,0.0,-0.7508373509368231,-0.758018058471019,-0.6778935146783868,0
2022-03-09,-0.1385376631972199,0.0,0.0,-0.7508373509368231,-0.758018058471019,-0.6778935146783868,0
2022-03-10,-0.1385376631972199,0.0,0.0,-0.7508373509368231,-0.758018058471019,-0.6778935146783868,0
2022-03-11,-0.1385376631972199,0.0,0.0,-0.7508373509368231,-0.758018058471019,-0.6778935146783868,0
2022-03-14,-0.1385376631972199,0.0,0.0,-0.7508373509368231,-0.758018058471019,-0.6778935146783868,0
2022-03-15,-0.1385376631972199,0.0,0.0,-0.7508373509368231,-0.758018058471019,-0.6778935146783868,0
2022-03-16,-0.1385376631972199,0.0,0.0,-0.7508373509368231,-0.758018058471019,-0.6778935146783868,0
2022-03-17,-0.1385376631972199,0.0,0.0,-0.7508373509368231,-0.758018058471019,-0.6778935146783868,0
2022-03-18,-0.1385376631972199,0.0,0.0,-0.7508373509368231,-0.758018058471019,-0.6778935146783868,0
2022-03-21,-0.1385376631972199,0.0,0.0,-0.7508373509368231,-0.758018058471019,-0.6778935146783868,0
2022-03-22,-0.1385376631972199,0.0,0.0,-0.7508373509368231,-0.758018058471019,-0.6778935146783868,0
2022-03-23,-0.1385376631972199,0.0,0.0,-0.7508373509368231,-0.758018058471019,-0.6778935146783868,0
2022-03-24,-0.1385376631972199,0.0,0.0,-0.7508373509368231,-0.758018058471019,-0.6778935146783868,0
2022-03-25,-0.1385376631972199,0.0,0.0,-0.7508373509368231,-0.758018058471019,-0.6778935146783868,0
2022-03-28,-0.1385376631972199,0.0,0.0,-0.7508373509368231,-0.758018058471019,-0.6778935146783868,0
2022-03-29,-0.1385376631972199,0.0,0.0,-0.7508373509368231,-0.758018058471019,-0.6778935146783868,0
2022-03-30,-0.1385376631972199,0.0,0.0,-0.7508373509368231,-0.758018058471019,-0.6778935146783868,0
2022-03-31,-0.1385376631972199,0.0,0.0,-0.7508373509368231,-0.758018058471019,-0.6778935146783868,0
2022-04-01,6.324310723498935,0.0,0.0,-0.3613099548262976,-0.6782044485767902,1.4828646693796843,0
2022-04-04,-0.1385376631972199,0.0,0.0,-0.06056373161850011,-0.552731086925416,1.3285247990898217,0
2022-04-05,-0.1385376631972199,0.0,0.0,0.16719728520447702,-0.405684488935156,1.1852092052492353,0
2022-04-06,-0.1385376631972199,0.0,0.0,0.33518059312963955,-0.2536276694750925,1.0521304395401196,0
2022-04-07,-0.1385376631972199,0.0,0.0,0.45441517405045445,-0.10755121772413001,0.9285572999530833,0
2022-04-08,-0.1385376631972199,0.0,0.0,0.5340975092448856,0.025636740919073222,0.8138108131936925,0
2022-04-11,-0.1385376631972199,0.0,0.0,0.5818835569308539,0.14197840109433554,0.7072605040599724,0
2022-04-12,-0.1385376631972199,0.0,0.0,0.6041350654270486,0.23961103170314382,0.6083209312929467,0
2022-04-13,-0.1385376631972199,0.0,0.0,0.6061273023814211,0.3181253427109149,0.5164484708664229,0
2022-04-14,-0.1385376631972199,0.0,0.0,0.5922241871369266,0.3780880629616599,0.4311383290417936,0
2022-04-18,-0.1385376631972199,0.0,0.0,0.5660258884345447,0.4206902449893093,0.35192176877606646,0
2022-04-19,-0.1385376631972199,0.0,0.0,0.5304931673500638,0.4474913865578117,0.27836353424360544,0
2022-04-20,-0.1385376631972199,0.0,0.0,0.4880520836709036,0.46023618208102374,0.21005945932060602,0
2022-04-22,-0.1385376631972199,0.0,0.0,0.44068212426867864,0.46072598113691743,0.14663424689210652,0
2022-04-25,-0.1385376631972199,0.0,0.0,0.38999033869477656,0.4507311455571243,0.08773940677992835,0
2022-04-26,-0.1385376631972199,0.0,0.0,0.33727366692456967,0.4319337059647843,0.03305134096147724,0
2022-04-27,-0.1385376631972199,0.0,0.0,0.28357130564740035,0.40589221678322246,-0.0177304344413702,0
2022-04-28,-0.1385376631972199,0.0,0.0,0.22970867323273558,0.37402264860197626,-0.06488494017258568,0
2022-04-29,-0.1385376631972199,0.0,0.0,0.17633429143587637,0.33759065907870384,-0.10867126692300005,0
2022-05-02,7.194720588150305,0.0,0.0,0.5709122976328611,0.3892935401834599,2.330023047009777,0
2022-05-03,-0.1385376631972199,0.0,0.0,0.8649919361225823,0.49091234506860126,2.115171864032051,0
2022-05-04,-0.1385376631972199,0.0,0.0,1.0769822023232898,0.6156438932556487,1.915667194124163,0
2022-05-05,-0.1385376631972199,0.0,0.0,1.2222415897652459,0.7451925738597637,1.7304128577811233,0
2022-05-06,-0.1385376631972199,0.0,0.0,1.3135635720551178,0.8675432627339005,1.5583909740340158,0
2022-05-09,-0.1385376631972199,0.0,0.0,1.3615861972339274,0.9752635814859855,1.398656367697415,0
2022-05-10,-0.1385376631972199,0.0,0.0,1.3751375582922667,1.0642164911102703,1.2503313760991437,0
2022-05-11,-0.1385376631972199,0.0,0.0,1.3615270872213856,1.1325900526295147,1.1126010267578914,0
2022-05-12,-0.1385376631972199,0.0,0.0,1.3267910835258412,1.1801715440520475,0.9847085595124431,0
2022-05-13,-0.1385376631972199,0.0,0.0,1.2758995884999524,1.207809142182667,0.8659512684988125,0
2022-05-16,-0.1385376631972199,0.0,0.0,1.2129306173037937,1.2170169679761231,0.7556766411290126,0
2022-05-17,-0.1385376631972199,0.0,0.0,1.1412168311159012,1.2096891757355557,0.6532787728570554,0
2022-05-18,-0.1385376631972199,0.0,0.0,1.0634689452757848,1.1878965106242647,0.5581950380330953,0
2022-05-19,-0.1385376631972199,0.0,0.0,0.9818795042761999,1.1537448180235668,0.4699029985537039,0
2022-05-20,-0.1385376631972199,0.0,0.0,0.898210092037638,1.109279720280385,0.3879175333228402,0
2022-05-23,-0.1385376631972199,0.0,0.0,0.8138645702783719,1.056425364543263,0.3117881727513239,0
2022-05-24,-0.1385376631972199,0.0,0.0,0.7299505356097883,0.9969480135026709,0.24109662364920167,0
2022-05-25,-0.1385376631972199,0.0,0.0,0.6473308459230784,0.9324374756666568,0.17545447091151684,0
2022-05-26,-0.1385376631972199,0.0,0.0,0.5666667791102127,0.8643010927419625,0.11450104336938093,0
2022-05-27,-0.1385376631972199,0.0,0.0,0.48845414408542015,0.793766328635899,0.05790143208025462,0
2022-05-30,-0.1385376631972199,0.0,0.0,0.4130534585814294,0.7218890240454082,0.00534465016892304,0
2022-05-31,-0.1385376631972199,0.0,0.0,0.3407151345026142,0.6495651605713822,-0.043458075891599085,0
2022-06-01,7.655827580576303,0.0,0.0,0.7525304616985048,0.6760864450917485,2.5790051839364603,0
2022-06-02,-0.1385376631972199,0.0,0.0,1.058045401095439,0.7599030496142241,2.3463695626068284,0
2022-06-03,-0.1385376631972199,0.0,0.0,1.276794909146813,0.8717777965605833,2.1303507713721697,0
2022-06-06,-0.1385376631972199,0.0,0.0,1.4250729310094692,0.9916595500750791,1.92976189379713,0
2022-06-07,-0.1385376631972199,0.0,0.0,1.51644847199079,1.106287671377285,1.743500793191736,0
2022-06-08,-0.1385376631972199,0.0,0.0,1.5622009804755599,1.2073647923873456,1.5705440569152986,0
2022-06-09,-0.1385376631972199,0.0,0.0,1.571687551722479,1.2901702741622434,1.409941373230035,0
2022-06-10,-0.1385376631972199,0.0,0.0,1.552652530304383,1.3525144107448213,1.2608103098080052,0
2022-06-13,-0.1385376631972199,0.0,0.0,1.511488455048185,1.3939552594903641,1.1223314652018341,0
2022-06-14,-0.1385376631972199,0.0,0.0,1.4534559082692633,1.4152171521235537,0.9937439666389611,0
2022-06-15,-0.1385376631972199,0.0,0.0,1.3828686621125403,1.4177634398062005,0.8743412894020077,0
2022-06-17,-0.1385376631972199,0.0,0.0,1.3032495260860086,1.403486622129573,0.7634673748248367,0
2022-06-20,-0.1385376631972199,0.0,0.0,1.2174614636489989,1.3744873159108615,0.6605130255746066,0
2022-06-21,-0.1385376631972199,0.0,0.0,1.1278178384966044,1.3329200195373543,0.5649125584136785,0
2022-06-22,-0.1385376631972199,0.0,0.0,1.0361750530987013,1.2808887059467706,0.47614069604995946,0
2022-06-23,-0.1385376631972199,0.0,0.0,0.944010336287991,1.2203792355777738,0.39370968099793474,0
2022-06-24,-0.1385376631972199,0.0,0.0,0.8524870090177057,1.1532186595913825,0.3171665955924832,0
2022-06-27,-0.1385376631972199,0.0,0.0,0.7625091958008247,1.081053872744242,0.24609087343027822,0
2022-06-28,-0.1385376631972199,0.0,0.0,0.6747676436025686,1.0053439239132027,0.18009198856537356,0
2022-06-29,-0.1385376631972199,0.0,0.0,0.5897780514866833,0.9273617182050305,0.11880730976224782,0
2022-06-30,-0.1385376631972199,0.0,0.0,0.5079130958126672,0.8482019405615788,0.06190010801648812,0
2022-07-01,7.861046563527529,0.0,0.0,0.9293841237115187,0.8712329330984414,2.782371751922238,0
2022-07-04,-0.1385376631972199,0.0,0.0,1.2404486444339924,0.953394405361044,2.535209947165051,0
2022-07-05,-0.1385376631972199,0.0,0.0,1.4614674456226073,1.0644100214383665,2.3057025570333765,0
2022-07-06,-0.1385376631972199,0.0,0.0,1.6094188733737462,1.183537551588316,2.0925885519111076,0
2022-07-07,-0.1385376631972199,0.0,0.0,1.6984377273177131,1.2970794123740874,1.8946969757261436,0
2022-07-08,-0.1385376631972199,0.0,0.0,1.7402698769518525,1.396484249013844,1.7109405121258203,0
2022-07-11,-0.1385376631972199,0.0,0.0,1.744655666803203,1.4769067604334163,1.5403095102112339,0
2022-07-12,-0.1385376631972199,0.0,0.0,1.7196531600743232,1.5361217914721228,1.3818664370048324,0
2022-07-13,-0.1385376631972199,0.0,0.0,1.6719105635088036,1.5737114261152187,1.234740726170317,0
2022-07-14,-0.1385376631972199,0.0,0.0,1.6068957324168571,1.5904616873334405,1.0981239946811239,0
2022-07-15,-0.1385376631972199,0.0,0.0,1.5290894336028131,1.5879194962538357,0.9712656011554445,0
2022-07-18,-0.1385376631972199,0.0,0.0,1.4421480110615235,1.5680715694664495,0.8534685214530279,0
2022-07-19,-0.1385376631972199,0.0,0.0,1.3490402257428376,1.533115575142949,0.7440855188722126,0
2022-07-20,-0.1385376631972199,0.0,0.0,1.2521623018984356,1.4853006307644923,0.6425155879043126,0
2022-07-21,-0.1385376631972199,0.0,0.0,1.1534345877430507,1.4268195069361413,0.5482006520055485,0
2022-07-22,-0.1385376631972199,0.0,0.0,1.05438270983012,1.3597390188546326,0.4606224972424102,0
2022-07-25,-0.1385376631972199,0.0,0.0,0.956205653792758,1.2859582891296664,0.3792999249623533,0
2022-07-26,-0.1385376631972199,0.0,0.0,0.859832826359186,1.207187049966809,0.3037861078451577,0
2022-07-27,-0.1385376631972199,0.0,0.0,0.7659718341841759,1.1249380747284745,0.23366613480776163,0
2022-07-28,-0.1385376631972199,0.0,0.0,0.6751484450428044,1.0405293111745246,0.1685547312730368,0
2022-07-29,-0.1385376631972199,0.0,0.0,0.587739968695902,0.9550924277466364,0.10809414227650664,0
2022-08-01,7.912260758110556,0.0,0.0,1.0137504642299533,0.9740318661232314,2.8795858483403904,0
2022-08-02,-0.1385376631972199,0.0,0.0,1.327410108136538,1.0534518321100386,2.6254801795533353,0
2022-08-03,-0.1385376631972199,0.0,0.0,1.5494711116636852,1.1624877889447858,2.3895249156796408,0
2022-08-04,-0.1385376631972199,0.0,0.0,1.697236188927331,1.2799934087506155,2.1704235992254963,0
2022-08-05,-0.1385376631972199,0.0,0.0,1.785108274648302,1.3920027700819058,1.9669723768037908,0
2022-08-08,-0.1385376631972199,0.0,0.0,1.8250542606053617,1.489795134901126,1.778053384555064,0
2022-08-09,-0.1385376631972199,0.0,0.0,1.8269960830897343,1.5684269034239695,1.6026286060383892,0
2022-08-10,-0.1385376631972199,0.0,0.0,1.799140434790861,1.6256247354922844,1.439734168844334,0
2022-08-11,-0.1385376631972199,0.0,0.0,1.74825663301001,1.6609569824745043,1.288475048592711,0
2022-08-12,-0.1385376631972199,0.0,0.0,1.6799107030227658,1.6752187961343017,1.148020151216204,0
2022-08-15,-0.1385376631972199,0.0,0.0,1.598662489454864,1.6699806035662978,1.0175977465094475,0
2022-08-16,-0.1385376631972199,0.0,0.0,1.5082315547177476,1.6472608794983157,0.8964912278531736,0
2022-08-17,-0.1385376631972199,0.0,0.0,1.4116367322809626,1.6092929584003703,0.784035174815205,0
2022-08-18,-0.1385376631972199,0.0,0.0,1.3113134487965938,1.5583625233084306,0.6796116969942344,0
2022-08-19,-0.1385376631972199,0.0,0.0,1.209212291653723,1.496697793235256,0.5826470390176185,0
2022-08-22,-0.1385376631972199,0.0,0.0,1.1068817595037939,1.4263986285641195,0.4926084280393325,0
2022-08-23,-0.1385376631972199,0.0,0.0,1.0055376775010183,1.3493940384478915,0.4090011464166382,0
2022-08-24,-0.1385376631972199,0.0,0.0,0.9061213736133534,1.2674201069717543,0.33136581348127925,0
2022-08-25,-0.1385376631972199,0.0,0.0,0.8093483865270406,1.1820123142637922,0.25927586146987447,0
2022-08-26,-0.1385376631972199,0.0,0.0,0.715749200206327,1.0945077398368597,0.19233519174499866,0
2022-08-29,-0.1385376631972199,0.0,0.0,0.6257032673209121,1.006053796614011,0.13017599842904265,0
2022-08-30,-0.1385376631972199,0.0,0.0,0.53946738693198,0.9176210326963808,0.07245674749279779,0
2022-08-31,-0.1385376631972199,0.0,0.0,0.45719933548344327,0.8300182147340146,0.018860300194856006,0
2022-09-01,7.9635260725683175,0.0,0.0,0.8987344990929653,0.8504058879091297,2.8522505312757684,0
2022-09-02,-0.1385376631972199,0.0,0.0,1.2258680677325906,0.9337452297643631,2.6000973851361855,0
2022-09-05,-0.1385376631972199,0.0,0.0,1.4596427392460007,1.0483168012175992,2.3659551780065735,0
2022-09-06,-0.1385376631972199,0.0,0.0,1.6176088768684698,1.1723410954887161,2.1485374142433624,0
2022-09-08,-0.1385376631972199,0.0,0.0,1.7143806801019748,1.2913889358629047,1.9466494907489522,0
2022-09-09,-0.1385376631972199,0.0,0.0,1.7621053916833396,1.3964059337422885,1.7591821332184279,0
2022-09-12,-0.1385376631972199,0.0,0.0,1.770859023348226,1.4822131387338877,1.585105301225798,0
2022-09-13,-0.1385376631972199,0.0,0.0,1.748980001156539,1.5463759221730113,1.4234625286612135,0
2022-09-14,-0.1385376631972199,0.0,0.0,1.7033503700707455,1.5883567023604395,1.2733656684226704,0
2022-09-15,-0.1385376631972199,0.0,0.0,1.6396327078696118,1.6088856680764099,1.1339900124868805,0
2022-09-16,-0.1385376631972199,0.0,0.0,1.5624696385232841,1.6094982373988267,1.0045697605465043,0
2022-09-19,-0.1385376631972199,0.0,0.0,1.4756517694974887,1.592199434872797,0.8843938123161548,0
2022-09-20,-0.1385376631972199,0.0,0.0,1.382258976153225,1.559224342218974,0.7728018603879734,0
2022-09-21,-0.1385376631972199,0.0,0.0,1.2847791941645819,1.512870799297822,0.6691807621689478,0
2022-09-22,-0.1385376631972199,0.0,0.0,1.1852082362520031,1.455386017187825,0.5729611709655668,0
2022-09-23,-0.1385376631972199,0.0,0.0,1.0851336044151745,1.388893041655458,0.48361440770528435,0
2022-09-26,-0.1385376631972199,0.0,0.0,0.9858048079008578,1.3153463319828496,0.40064955610645087,0
2022-09-27,-0.1385376631972199,0.0,0.0,0.8881923073972555,1.2365083016115648,0.32361076533610533,0
2022-09-28,-0.1385376631972199,0.0,0.0,0.7930368764233758,1.1539406647361652,0.2520747453350703,0
2022-09-29,-0.1385376631972199,0.0,0.0,0.7008908923001044,1.0690059740403506,0.1856484410483949,0
2022-09-30,-0.1385376631972199,0.0,0.0,0.6121528335911507,0.9828759193624946,0.12396687278219617,0
2022-10-03,7.963424062330322,0.0,0.0,1.0537210926667577,1.004448584379186,2.9879473932588407,0
2022-10-04,-0.1385376631972199,0.0,0.0,1.379114361815923,1.0883793348152757,2.7261016141204673,0
2022-10-05,-0.1385376631972199,0.0,0.0,1.6097791543088145,1.2027868233414325,2.4829591049205493,0
2022-10-06,-0.1385376631972199,0.0,0.0,1.7635978207321132,1.3258300403162697,2.2571839178063393,0
2022-10-07,-0.1385376631972199,0.0,0.0,1.8554564890504222,1.4430863244915104,2.047535529771716,0
2022-10-10,-0.1385376631972199,0.0,0.0,1.897724176878225,1.5455519409997682,1.8528620265967086,0
2022-10-11,-0.1385376631972199,0.0,0.0,1.900656849360931,1.628125334630374,1.6720937736484873,0
2022-10-13,-0.1385376631972199,0.0,0.0,1.8727380691089432,1.6884635311374243,1.5042375387679965,0
2022-10-14,-0.1385376631972199,0.0,0.0,1.8209660854921808,1.7261260824746756,1.3483710349503977,0
2022-10-17,-0.1385376631972199,0.0,0.0,1.7510956887960447,1.7419397785563104,1.2036378528340559,0
2022-10-18,-0.1385376631972199,0.0,0.0,1.6678418675698863,1.7375321457668278,1.0692427551545958,0
2022-10-19,-0.1385376631972199,0.0,0.0,1.5750512188199957,1.7149933674739042,0.944447307309383,0
2022-10-20,-0.1385376631972199,0.0,0.0,1.4758461399446807,1.6766353651612629,0.8285658200245424,0
2022-10-21,-0.1385376631972199,0.0,0.0,1.3727460526106652,1.624823901934971,0.7209615818314759,0
2022-10-24,-0.1385376631972199,0.0,0.0,1.2677692502430558,1.56186513373443,0.6210433606522,0
2022-10-25,-0.1385376631972199,0.0,0.0,1.1625184039301346,1.489932370339547,0.5282621552714438,0
2022-10-26,-0.1385376631972199,0.0,0.0,1.0582522906665508,1.411022181191567,0.44210817884645587,0
2022-10-27,-0.1385376631972199,0.0,0.0,0.9559459097152402,1.3269315978068605,0.3621080578803957,0
2022-10-28,-0.1385376631972199,0.0,0.0,0.8563408162559222,1.2392501890010035,0.2878222312690541,0
2022-10-31,-0.1385376631972199,0.0,0.0,0.7599872169109737,1.1493623463814666,0.21884253512995128,0
2022-11-01,7.758499001652399,0.0,0.0,1.187286779141094,1.1650051453388368,3.0393387552278246,0
2022-11-03,-0.1385376631972199,0.0,0.0,1.4999787537649525,1.2415895257294167,2.773822164520238,0
2022-11-04,-0.1385376631972199,0.0,0.0,1.7193150175904415,1.3477987187945202,2.5272710445774784,0
2022-11-07,-0.1385376631972199,0.0,0.0,1.8630097841942226,1.4622089267148661,2.2983307189163455,0
2022-11-08,-0.1385376631972199,0.0,0.0,1.9458037223010802,1.5707014533083423,2.085743273659579,0
2022-11-09,-0.1385376631972199,0.0,0.0,1.9799398154248185,1.6644899115523732,1.888340645921153,0
2022-11-10,-0.1385376631972199,0.0,0.0,1.9755646500219088,1.7386242129742175,1.7050382058783282,0
2022-11-11,-0.1385376631972199,0.0,0.0,1.9410667056070385,1.7908630743271279,1.5348287972671344,0
2022-11-14,-0.1385376631972199,0.0,0.0,1.8833614322729326,1.8208304349099556,1.3767772035567405,0
2022-11-16,-0.1385376631972199,0.0,0.0,1.8081313886839716,1.8293897943564628,1.2300150093970883,0
2022-11-17,-0.1385376631972199,0.0,0.0,1.720028434423451,1.8181851117913828,1.0937358291059827,0
2022-11-18,-0.1385376631972199,0.0,0.0,1.6228438886597318,1.7893083904241438,0.9671908759785278,0
2022-11-21,-0.1385376631972199,0.0,0.0,1.519651652068712,1.7450630707023698,0.8496848480744625,0
2022-11-22,-0.1385376631972199,0.0,0.0,1.4129285151041648,1.6877993958282975,0.7405721078778305,0
2022-11-23,-0.1385376631972199,0.0,0.0,1.304655221288257,1.6198034118965166,0.6392531348381008,0
2022-11-24,-0.1385376631972199,0.0,0.0,1.1964013008088052,1.5432255502876764,0.5451712313012087,0
2022-11-25,-0.1385376631972199,0.0,0.0,1.0893962217807749,1.46003807237582,0.45780946373123765,0
2022-11-28,-0.1385376631972199,0.0,0.0,0.9845890108874531,1.3720132414788975,0.37668782241626436,0
2022-11-29,-0.1385376631972199,0.0,0.0,0.8826981606225697,1.2807160863421636,0.3013605840523608,0
2022-11-30,-0.1385376631972199,0.0,0.0,0.7842533575768237,1.1875071619915023,0.2314138627144502,0
2022-12-01,7.502127146794982,0.0,0.0,1.1991353864243535,1.1979487606208017,2.9927529307613296,0
2022-12-02,-0.1385376631972199,0.0,0.0,1.5019634974888412,1.268351089123436,2.7305638989442076,0
2022-12-05,-0.1385376631972199,0.0,0.0,1.7135490449219688,1.3680265299041585,2.487102655114022,0
2022-12-06,-0.1385376631972199,0.0,0.0,1.851237022017995,1.4759789533632857,2.26103150012885,0
2022-12-07,-0.1385376631972199,0.0,0.0,1.9294589485409275,1.5783684537116605,2.0511082847854754,0
2022-12-08,-0.1385376631972199,0.0,0.0,1.960199246534976,1.666578697363401,1.8561795848237712,0
2022-12-09,-0.1385376631972199,0.0,0.0,1.9533885216302698,1.7357513844307402,1.6751743634307599,0
2022-12-12,-0.1385376631972199,0.0,0.0,1.9172350947383694,1.783681748293157,1.5070980864229637,0
2022-12-13,-0.1385376631972199,0.0,0.0,1.8585043762826237,1.8099921986354566,1.3510272577728668,0
2022-12-14,-0.1385376631972199,0.0,0.0,1.7827541925669361,1.815519453916762,1.2061043454549203,0
2022-12-15,-0.1385376631972199,0.0,0.0,1.6945329199293166,1.8018648447521983,1.0715330697311125,0
2022-12-16,-0.1385376631972199,0.0,0.0,1.5975462217559593,1.7710687207954703,0.9465740279875767,0
2022-12-19,-0.1385376631972199,0.0,0.0,1.494797286461244,1.725378710807729,0.8305406320828652,0
2022-12-20,-0.1385376631972199,0.0,0.0,1.3887047059608966,1.6670884838442956,0.7227953358856329,0
2022-12-21,-0.1385376631972199,0.0,0.0,1.2812014926697208,1.5984290466461593,0.6227461322739172,0
2022-12-22,-0.1385376631972199,0.0,0.0,1.1738181905914216,1.5214988108973695,0.5298433003487526,0
2022-12-23,-0.1385376631972199,0.0,0.0,1.0677525773787435,1.438221928884017,0.44357638498967134,0
2022-12-26,-0.1385376631972199,0.0,0.0,0.9639280664193912,1.350326928525824,0.36347139215623864,0
2022-12-27,-0.1385376631972199,0.0,0.0,0.8630425901138798,1.2593396375155825,0.28908818452519397,0
2022-12-28,-0.1385376631972199,0.0,0.0,0.765609468323936,1.1665858965176992,0.2200180631535096,0
2022-12-29,-0.1385376631972199,0.0,0.0,0.671991531659436,1.0732007215400345,0.15588152187980278,0
2023-01-02,6.477823910972436,0.0,0.0,1.0287603478735468,1.071594004985536,2.5721799482111254,0
2023-01-03,-0.1385376631972199,0.0,0.0,1.2879997600205875,1.1234264188781264,2.340031843719017,0
2023-01-04,-0.1385376631972199,0.0,0.0,1.4678729506092747,1.2017481111207498,2.124465746690631,0
2023-01-05,-0.1385376631972199,0.0,0.0,1.5835147916512065,1.288100313802325,1.9242972280214157,0
2023-01-06,-0.1385376631972199,0.0,0.0,1.647515070044838,1.3702956420377657,1.7384264606857154,0
2023-01-09,-0.1385376631972199,0.0,0.0,1.6703260867806986,1.4407258495378907,1.5658321767311367,0
2023-01-10,-0.1385376631972199,0.0,0.0,1.660606359861959,1.4950784573053302,1.4055660559161705,0
2023-01-11,-0.1385376631972199,0.0,0.0,1.625510349190006,1.5313694208085695,1.2567475151594163,0
2023-01-12,-0.1385376631972199,0.0,0.0,1.5709325892604207,1.549219286163646,1.1185588701710019,0
2023-01-13,-0.1385376631972199,0.0,0.0,1.50171331934171,1.5493162484108998,0.9902408426817597,0
2023-01-16,-0.1385376631972199,0.0,0.0,1.4218116045019893,1.5330220703887167,0.8710883885846066,0
2023-01-17,-0.1385376631972199,0.0,0.0,1.334451013611146,1.5020866670481368,0.7604468240658214,0
2023-01-18,-0.1385376631972199,0.0,0.0,1.2422421362517388,1.4584448764454727,0.6577082284412351,0
2023-01-19,-0.1385376631972199,0.0,0.0,1.1472855572699918,1.4040749758755637,0.5623081039326906,0
2023-01-20,-0.1385376631972199,0.0,0.0,1.0512583468631793,1.3409032164743684,0.47372227403189937,0
2023-01-23,-0.1385376631972199,0.0,0.0,0.9554866498458383,1.2707423243385287,0.391464003409736,0
2023-01-24,-0.1385376631972199,0.0,0.0,0.8610065567320938,1.1952547738192851,0.3150813235462987,0
2023-01-25,-0.1385376631972199,0.0,0.0,0.7686151002166396,1.1159338552640845,0.24415454938739245,0
2023-01-26,-0.1385376631972199,0.0,0.0,0.6789129339876906,1.0340972740379943,0.17829397338269395,0
2023-01-27,-0.1385376631972199,0.0,0.0,0.5923400084814802,0.9508893396522254,0.11713772423547397,0
2023-01-30,-0.1385376631972199,0.0,0.0,0.5092053533479955,0.8672888194518582,0.060349778598769666,0
2023-01-31,-0.1385376631972199,0.0,0.0,0.4297119032657571,0.7841203083401896,0.007618114793258454,0
2023-02-01,6.47784815093611,0.0,0.0,0.8051247537994451,0.7945070590149844,2.4612262982878326,0
2023-02-02,-0.1385376631972199,0.0,0.0,1.081519869120784,0.8594494258909503,2.237003454504531,0
2023-02-03,-0.1385376631972199,0.0,0.0,1.2771871848847898,0.9514952743232014,2.0287965281343228,0
2023-02-06,-0.1385376631972199,0.0,0.0,1.4073763976819538,1.0518075377554286,1.8354615250762722,0
2023-02-07,-0.1385376631972199,0.0,0.0,1.4847814647040483,1.1479175367314245,1.6559361650937972,0
2023-02-08,-0.1385376631972199,0.0,0.0,1.5199493227340122,1.2320113800444856,1.4892340451100696,0
2023-02-09,-0.1385376631972199,0.0,0.0,1.5216245770461059,1.2996297119227296,1.3344392194108943,0
2023-02-10,-0.1385376631972199,0.0,0.0,1.4970400962025256,1.3486870522382022,1.190701166975946,0
2023-02-13,-0.1385376631972199,0.0,0.0,1.4521619138077102,1.3787374486955852,1.0572301182863506,0
2023-02-14,-0.1385376631972199,0.0,0.0,1.391895539968662,1.3904292715081839,0.9332927159317264,0
2023-02-15,-0.1385376631972199,0.0,0.0,1.3202596870644803,1.3851046453020093,0.8182079851738614,0
2023-02-16,-0.1385376631972199,0.0,0.0,1.2405324856380975,1.3645089540674704,0.7113435923272722,0
2023-02-17,-0.1385376631972199,0.0,0.0,1.155374480684938,1.3305836468854777,0.6121123703982966,0
2023-02-22,-0.1385376631972199,0.0,0.0,1.0669320342786222,1.285321669559386,0.519969092892819,0
2023-02-23,-0.1385376631972199,0.0,0.0,0.9769241986587229,1.2306696100927732,0.43440747806630436,0
2023-02-24,-0.1385376631972199,0.0,0.0,0.8867156488186827,1.168464358855277,0.35495740715596935,0
2023-02-27,-0.1385376631972199,0.0,0.0,0.7973778619097853,1.1003949722881987,0.28118234131065833,0
2023-02-28,-0.1385376631972199,0.0,0.0,0.7097403911082755,1.0279826698114891,0.21267692302572663,0
2023-03-01,6.5290294622878315,0.0,0.0,1.0839951591508177,1.0467370979376007,2.6983102957911895,0
2023-03-02,-0.1385376631972199,0.0,0.0,1.3563049345676648,1.1175365264339858,2.457152880757649,0
2023-03-03,-0.1385376631972199,0.0,0.0,1.5456400317118697,1.212970561566277,2.2332209953693605,0
2023-03-06,-0.1385376631972199,0.0,0.0,1.667808812863085,1.3143499993123524,2.0252842446516643,0
2023-03-07,-0.1385376631972199,0.0,0.0,1.73596217514631,1.4094180765863018,1.8322001189852324,0
2023-03-08,-0.1385376631972199,0.0,0.0,1.7610190883186958,1.4906066643053681,1.652907716580688,0
2023-03-09,-0.1385376631972199,0.0,0.0,1.7520254283910681,1.5537147463426044,1.486421914347897,0
2023-03-10,-0.1385376631972199,0.0,0.0,1.7164564608770507,1.5969131810768753,1.3318279551317336,0
2023-03-13,-0.1385376631972199,0.0,0.0,1.6604717277898957,1.6200007366162814,1.1882764215738684,0
2023-03-14,-0.1385376631972199,0.0,0.0,1.589129739431184,1.6238529090193004,1.0549785689844213,0
2023-03-15,-0.1385376631972199,0.0,0.0,1.506568727579124,1.610018012943106,0.9312019915799351,0
2023-03-16,-0.1385376631972199,0.0,0.0,1.4161587487375553,1.5804252199017887,0.8162665982757692,0
2023-03-17,-0.1385376631972199,0.0,0.0,1.3206296074835644,1.5371772001850588,0.709540875921901,0
2023-03-20,-0.1385376631972199,0.0,0.0,1.222178377630239,1.4824062673266614,0.6104384194504517,0
2023-03-21,-0.1385376631972199,0.0,0.0,1.122559713459506,1.4181777983223687,0.5184147098698203,0
2023-03-22,-0.1385376631972199,0.0,0.0,1.0231616482044281,1.3464285008056773,0.4329641224020912,0
2023-03-23,-0.1385376631972199,0.0,0.0,0.9250691583419407,1.2689300510216177,0.3536171483249142,0
2023-03-24,-0.1385376631972199,0.0,0.0,0.8291174183154606,1.1872709160227788,0.2799378152532498,0
2023-03-27,-0.1385376631972199,0.0,0.0,0.7359363710667889,1.1028509438647762,0.21152129168670436,0
2023-03-28,-0.1385376631972199,0.0,0.0,0.645987986789243,1.0168846700281946,0.14799166266062644,0
2023-03-29,-0.1385376631972199,0.0,0.0,0.5595973684781654,0.9304103360392336,0.08899986427926838,0
2023-03-30,-0.1385376631972199,0.0,0.0,0.4769786821156338,0.8443024174242225,0.03422176578229306,0
2023-03-31,-0.1385376631972199,0.0,0.0,0.3982567365832058,0.7592860677666871,-0.016643611393469763,0
2023-04-03,6.682574319343325,0.0,0.0,0.7988001571112984,0.7733437656828512,2.5727585996658022,0
2023-04-04,-0.1385376631972199,0.0,0.0,1.0949565406241493,0.8452719461210348,2.3405691629269314,0
2023-04-05,-0.1385376631972199,0.0,0.0,1.3059532070052788,0.9460474075595185,2.124964685955123,0
2023-04-06,-0.1385376631972199,0.0,0.0,1.447824776871576,1.055737059758057,1.9247605287670149,0
2023-04-10,-0.1385376631972199,0.0,0.0,1.5339217375609335,1.161129926407219,1.7388566685209146,0
2023-04-11,-0.1385376631972199,0.0,0.0,1.5753394806823064,1.253930656432147,1.5662316554352502,0
2023-04-12,-0.1385376631972199,0.0,0.0,1.5812801417418814,1.3293884734607486,1.4059370004271332,0
2023-04-13,-0.1385376631972199,0.0,0.0,1.5593576682964976,1.3852628434293413,1.2570919636338815,0
2023-04-14,-0.1385376631972199,0.0,0.0,1.515854932471894,1.421048690656769,1.1188787151830055,0
2023-04-17,-0.1385376631972199,0.0,0.0,1.4559403413454075,1.4374009538632784,0.9905378416214775,0
2023-04-18,-0.1385376631972199,0.0,0.0,1.3838502463912645,1.4357116064217326,0.8713641733143442,0
2023-04-19,-0.1385376631972199,0.0,0.0,1.3030424785801096,1.4178027316822812,0.760702909886292,0
2023-04-20,-0.1385376631972199,0.0,0.0,1.2163255114402298,1.3857074485597864,0.6579460224173863,0
2023-04-24,-0.1385376631972199,0.0,0.0,1.125967057272147,1.3415169032138021,0.5625289126248312,0
2023-04-25,-0.1385376631972199,0.0,0.0,1.0337853121751048,1.287276558368815,0.4739273106746013,0
2023-04-26,-0.1385376631972199,0.0,0.0,0.9412255670066706,1.2249189222471843,0.39165439457795925,0
2023-04-27,-0.1385376631972199,0.0,0.0,0.8494244798467426,1.1562229010520306,0.3152581153453631,0
2023-04-28,-0.1385376631972199,0.0,0.0,0.7592639491000617,1.0827923194756897,0.24431871320080953,0
2023-05-02,6.733952199401279,0.0,0.0,1.1556590909744267,1.105268655455901,2.86460339567682,0
2023-05-03,-0.1385376631972199,0.0,0.0,1.4444986301419656,1.1824325353371508,2.611567902080019,0
2023-05-04,-0.1385376631972199,0.0,0.0,1.6457793405316674,1.285405770755074,2.3766063723115622,0
2023-05-05,-0.1385376631972199,0.0,0.0,1.776166031674882,1.3945004068083025,2.158427808955137,0
2023-05-08,-0.1385376631972199,0.0,0.0,1.8495230873271333,1.4968068721041665,1.9558334286955998,0
2023-05-09,-0.1385376631972199,0.0,0.0,1.877362826789564,1.5843563673928387,1.7677100755974577,0
2023-05-10,-0.1385376631972199,0.0,0.0,1.8692235893002265,1.6527282454291203,1.5930241048634692,0
2023-05-11,-0.1385376631972199,0.0,0.0,1.8329884494982323,1.700001219207538,1.4308157034676225,0
2023-05-12,-0.1385376631972199,0.0,0.0,1.775153786685426,1.7259693580104654,1.2801936164571932,0
2023-05-15,-0.1385376631972199,0.0,0.0,1.7010555051355325,1.7315612364664774,1.1403302499475088,0
2023-05-16,-0.1385376631972199,0.0,0.0,1.6150594970144554,1.7184142793787298,1.010457123902802,0
2023-05-17,-0.1385376631972199,0.0,0.0,1.5207219197348785,1.688567078189847,0.8898606497184313,0
2023-05-18,-0.1385376631972199,0.0,0.0,1.4209239971293248,1.6442408647226203,0.7778782094043728,0
2023-05-19,-0.1385376631972199,0.0,0.0,1.3179853244546542,1.5876879062069689,0.6738945148270329,0
2023-05-22,-0.1385376631972199,0.0,0.0,1.213759040445803,1.5210897219200656,0.5773382270052172,0
2023-05-23,-0.1385376631972199,0.0,0.0,1.1097117080584835,1.4464920239491,0.48767881688495973,0
2023-05-24,-0.1385376631972199,0.0,0.0,1.0069903045186392,1.3657663959674153,0.40442365034472055,0
2023-05-25,-0.1385376631972199,0.0,0.0,0.9064783484066434,1.2805911366152114,0.3271152814144985,0
2023-05-26,-0.1385376631972199,0.0,0.0,0.8088428762466651,1.1924455596405046,0.25532893883643526,0
2023-05-29,-0.1385376631972199,0.0,0.0,0.7145737145580741,1.1026134807994197,0.18867019215680508,0
2023-05-30,-0.1385376631972199,0.0,0.0,0.6240162680442107,1.012192725629707,0.1267727845257199,0
2023-05-31,-0.1385376631972199,0.0,0.0,0.5373988541774422,0.9221083364871855,0.06929662029685514,0
2023-06-01,6.78484160939298,0.0,0.0,0.9481721550664535,0.93420769076333,2.752416605012144,0
2023-06-02,-0.1385376631972199,0.0,0.0,1.250641157119075,1.0058626428572495,2.507394453605677,0
2023-06-05,-0.1385376631972199,0.0,0.0,1.4648094235927174,1.1070693779720238,2.2798738844425297,0
2023-06-06,-0.1385376631972199,0.0,0.0,1.607355538071805,1.2172422623441401,2.0686047845053217,0
2023-06-07,-0.1385376631972199,0.0,0.0,1.6921629737575046,1.3227574928914965,1.8724263345636285,0
2023-06-09,-0.1385376631972199,0.0,0.0,1.730767086335278,1.4150796051351295,1.6902606310463417,0
2023-06-12,-0.1385376631972199,0.0,0.0,1.7327320812349556,1.4893399195924684,1.5211067634945754,0
2023-06-13,-0.1385376631972199,0.0,0.0,1.70596882160174,1.5432644172935472,1.364035315053649,0
2023-06-14,-0.1385376631972199,0.0,0.0,1.6570026646521172,1.5763709194826758,1.218183255787075,0
2023-06-15,-0.1385376631972199,0.0,0.0,1.5911990942148497,1.5893730631667682,1.0827492007538275,0
2023-06-16,-0.1385376631972199,0.0,0.0,1.5129537162921776,1.5837424113744902,0.9569890067943837,0
2023-06-19,-0.1385376631972199,0.0,0.0,1.4258521687206067,1.5613909066258191,0.8402116838320431,0
2023-06-20,-0.1385376631972199,0.0,0.0,1.3328046369233384,1.5244443957942013,0.731775598224155,0
2023-06-21,-0.1385376631972199,0.0,0.0,1.2361589412091383,1.4750846214231024,0.6310849473025449,0
2023-06-22,-0.1385376631972199,0.0,0.0,1.1377955466507617,1.41544228216832,0.5375864857324786,0
2023-06-23,-0.1385376631972199,0.0,0.0,1.0392073270100473,1.3475278246667242,0.45076648570313105,0
2023-06-26,-0.1385376631972199,0.0,0.0,0.9415664748362722,1.2731897868153228,0.3701479142473084,0
2023-06-27,-0.1385376631972199,0.0,0.0,0.845780578395031,1.194092962477541,0.29528781218118727,0
2023-06-28,-0.1385376631972199,0.0,0.0,0.7525395720170892,1.1117105533080065,0.22577486026264634,0
2023-06-29,-0.1385376631972199,0.0,0.0,0.6623550009464924,1.0273259355239552,0.1612271191954297,0
2023-06-30,-0.1385376631972199,0.0,0.0,0.5755928173226894,0.9420407931724829,0.1012899310615857,0
2023-07-03,6.887372977754478,0.0,0.0,0.9988182536187955,0.9605309697302853,2.854241875256708,0
2023-07-04,-0.1385376631972199,0.0,0.0,1.310466038699159,1.0391792992476774,2.6019464902613443,0
2023-07-05,-0.1385376631972199,0.0,0.0,1.5311438943645699,1.1473145418756545,2.3676722041942213,0
2023-07-06,-0.1385376631972199,0.0,0.0,1.6780341659508742,1.2639203438759932,2.1501317957033206,0
2023-07-07,-0.1385376631972199,0.0,0.0,1.7654396890810276,1.3751142529510776,1.9481299878189131,0
2023-07-10,-0.1385376631972199,0.0,0.0,1.8052442779719613,1.4722252839074275,1.760556880497677,0
2023-07-11,-0.1385376631972199,0.0,0.0,1.8073010740670714,1.5503355432694224,1.5863818522708153,0
2023-07-12,-0.1385376631972199,0.0,0.0,1.7797599493551979,1.6071806134450561,1.4246478974887298,0
